Diagnosis_date,Type,cases,Temperature_l,Temperature_h
2015/1/1,HFMD,52,8,10.00
2015/1/2,HFMD,22,8,10
2015/1/3,HFMD,52,8,11
2015/1/4,HFMD,28,7,10
2015/1/5,HFMD,32,6,9
2015/1/6,HFMD,36,6,9
2015/1/7,HFMD,32,8,11
2015/1/8,HFMD,27,7,10
2015/1/9,HFMD,30,7,11
2015/1/10,HFMD,31,8,12
2015/1/11,HFMD,48,8,13
2015/1/12,HFMD,34,5,13
2015/1/13,HFMD,38,6,14
2015/1/14,HFMD,38,9,13
2015/1/15,HFMD,33,9,12
2015/1/16,HFMD,31,9,13
2015/1/17,HFMD,22,10,12
2015/1/18,HFMD,26,8,14
2015/1/19,HFMD,26,8,13
2015/1/20,HFMD,31,7,14
2015/1/21,HFMD,47,7,16
2015/1/22,HFMD,30,8,17
2015/1/23,HFMD,28,11,15
2015/1/24,HFMD,19,11,13
2015/1/25,HFMD,23,12,14
2015/1/26,HFMD,26,11,15
2015/1/27,HFMD,21,9,13
2015/1/28,HFMD,30,7,11
2015/1/29,HFMD,18,6,8
2015/1/30,HFMD,22,6,8
2015/1/31,HFMD,30,5,7
2015/2/1,HFMD,18,7,9
2015/2/2,HFMD,27,7,12
2015/2/3,HFMD,20,7,11
2015/2/4,HFMD,18,8,11
2015/2/5,HFMD,14,6,12
2015/2/6,HFMD,19,8,13
2015/2/7,HFMD,15,8,13
2015/2/8,HFMD,12,7,11
2015/2/9,HFMD,8,8,10
2015/2/10,HFMD,9,7,12
2015/2/11,HFMD,13,6,15
2015/2/12,HFMD,13,9,18
2015/2/13,HFMD,11,10,15
2015/2/14,HFMD,10,12,14
2015/2/15,HFMD,9,11,17
2015/2/16,HFMD,8,11,17
2015/2/17,HFMD,10,12,20
2015/2/18,HFMD,4,14,17
2015/2/19,HFMD,6,14,18
2015/2/20,HFMD,6,12,19
2015/2/21,HFMD,3,13,18
2015/2/22,HFMD,8,10,17
2015/2/23,HFMD,8,10,16
2015/2/24,HFMD,16,11,16
2015/2/25,HFMD,13,12,16
2015/2/26,HFMD,14,12,16
2015/2/27,HFMD,10,8,14
2015/2/28,HFMD,11,8,12
2015/3/1,HFMD,6,8,12
2015/3/2,HFMD,13,9,13
2015/3/3,HFMD,14,8,13
2015/3/4,HFMD,9,8,12
2015/3/5,HFMD,8,9,13
2015/3/6,HFMD,11,9,13
2015/3/7,HFMD,10,10,16
2015/3/8,HFMD,14,9,18
2015/3/9,HFMD,15,12,18
2015/3/10,HFMD,12,11,16
2015/3/11,HFMD,19,10,17
2015/3/12,HFMD,10,14,22
2015/3/13,HFMD,15,14,20
2015/3/14,HFMD,19,14,18
2015/3/15,HFMD,23,13,21
2015/3/16,HFMD,22,17,22
2015/3/17,HFMD,10,17,22
2015/3/18,HFMD,26,16,22
2015/3/19,HFMD,11,16,20
2015/3/20,HFMD,16,13,19
2015/3/21,HFMD,12,15,21
2015/3/22,HFMD,13,17,21
2015/3/23,HFMD,24,17,23
2015/3/24,HFMD,26,16,21
2015/3/25,HFMD,28,14,25
2015/3/26,HFMD,33,18,23
2015/3/27,HFMD,28,16,23
2015/3/28,HFMD,27,17,25
2015/3/29,HFMD,25,16,26
2015/3/30,HFMD,41,20,28
2015/3/31,HFMD,34,21,30
2015/4/1,HFMD,33,24,30
2015/4/2,HFMD,25,19,30
2015/4/3,HFMD,47,21,30
2015/4/4,HFMD,37,22,30
2015/4/5,HFMD,47,15,26
2015/4/6,HFMD,39,14,20
2015/4/7,HFMD,39,12,15
2015/4/8,HFMD,43,13,16
2015/4/9,HFMD,46,12,18
2015/4/10,HFMD,52,14,18
2015/4/11,HFMD,41,14,18
2015/4/12,HFMD,40,14,25
2015/4/13,HFMD,51,13,25
2015/4/14,HFMD,47,14,25
2015/4/15,HFMD,49,16,24
2015/4/16,HFMD,54,18,30
2015/4/17,HFMD,53,21,30
2015/4/18,HFMD,58,18,27
2015/4/19,HFMD,48,15,23
2015/4/20,HFMD,63,17,26
2015/4/21,HFMD,46,17,24
2015/4/22,HFMD,45,17,22
2015/4/23,HFMD,40,16,19
2015/4/24,HFMD,64,16,21
2015/4/25,HFMD,49,16,26
2015/4/26,HFMD,61,18,27
2015/4/27,HFMD,63,20,27
2015/4/28,HFMD,70,21,32
2015/4/29,HFMD,50,22,34
2015/4/30,HFMD,61,20,27
2015/5/1,HFMD,41,18,28
2015/5/2,HFMD,57,19,29
2015/5/3,HFMD,47,18,22
2015/5/4,HFMD,85,18,22
2015/5/5,HFMD,57,18,23
2015/5/6,HFMD,70,19,28
2015/5/7,HFMD,56,20,29
2015/5/8,HFMD,56,19,27
2015/5/9,HFMD,53,19,33
2015/5/10,HFMD,64,18,30
2015/5/11,HFMD,78,17,27
2015/5/12,HFMD,79,20,28
2015/5/13,HFMD,84,21,29
2015/5/14,HFMD,63,21,30
2015/5/15,HFMD,64,20,26
2015/5/16,HFMD,49,21,26
2015/5/17,HFMD,63,20,23
2015/5/18,HFMD,74,21,31
2015/5/19,HFMD,82,22,34
2015/5/20,HFMD,64,22,31
2015/5/21,HFMD,68,20,30
2015/5/22,HFMD,59,18,21
2015/5/23,HFMD,62,18,24
2015/5/24,HFMD,91,21,27
2015/5/25,HFMD,100,20,25
2015/5/26,HFMD,105,20,25
2015/5/27,HFMD,91,22,27
2015/5/28,HFMD,94,19,26
2015/5/29,HFMD,72,20,24
2015/5/30,HFMD,89,21,31
2015/5/31,HFMD,86,23,31
2015/6/1,HFMD,100,23,27
2015/6/2,HFMD,113,23,27
2015/6/3,HFMD,106,23,26
2015/6/4,HFMD,102,20,25
2015/6/5,HFMD,102,21,29
2015/6/6,HFMD,98,21,26
2015/6/7,HFMD,103,20,23
2015/6/8,HFMD,140,21,26
2015/6/9,HFMD,123,23,29
2015/6/10,HFMD,114,24,32
2015/6/11,HFMD,131,25,33
2015/6/12,HFMD,110,21,30
2015/6/13,HFMD,104,19,23
2015/6/14,HFMD,123,23,26
2015/6/15,HFMD,122,22,27
2015/6/16,HFMD,120,23,25
2015/6/17,HFMD,118,21,24
2015/6/18,HFMD,101,22,28
2015/6/19,HFMD,104,24,31
2015/6/20,HFMD,111,23,28
2015/6/21,HFMD,94,23,29
2015/6/22,HFMD,120,26,31
2015/6/23,HFMD,133,25,33
2015/6/24,HFMD,125,25,29
2015/6/25,HFMD,121,26,31
2015/6/26,HFMD,90,29,36
2015/6/27,HFMD,77,29,37
2015/6/28,HFMD,89,29,38
2015/6/29,HFMD,106,26,38
2015/6/30,HFMD,110,24,26
2015/7/1,HFMD,110,24,29
2015/7/2,HFMD,78,23,30
2015/7/3,HFMD,112,21,25
2015/7/4,HFMD,82,20,23
2015/7/5,HFMD,83,20,26
2015/7/6,HFMD,107,22,31
2015/7/7,HFMD,99,23,34
2015/7/8,HFMD,86,24,35
2015/7/9,HFMD,61,24,34
2015/7/10,HFMD,59,24,35
2015/7/11,HFMD,49,25,36
2015/7/12,HFMD,53,25,38
2015/7/13,HFMD,51,26,35
2015/7/14,HFMD,40,23,30
2015/7/15,HFMD,40,23,28
2015/7/16,HFMD,49,24,34
2015/7/17,HFMD,40,25,34
2015/7/18,HFMD,49,26,37
2015/7/19,HFMD,33,27,36
2015/7/20,HFMD,26,27,36
2015/7/21,HFMD,50,26,36
2015/7/22,HFMD,32,23,28
2015/7/23,HFMD,29,25,33
2015/7/24,HFMD,27,25,35
2015/7/25,HFMD,36,26,37
2015/7/26,HFMD,33,26,37
2015/7/27,HFMD,26,26,37
2015/7/28,HFMD,28,26,36
2015/7/29,HFMD,24,27,36
2015/7/30,HFMD,25,27,36
2015/7/31,HFMD,20,28,37
2015/8/1,HFMD,25,27,37
2015/8/2,HFMD,16,29,38
2015/8/3,HFMD,18,27,38
2015/8/4,HFMD,14,26,35
2015/8/5,HFMD,16,24,31
2015/8/6,HFMD,17,24,34
2015/8/7,HFMD,17,25,34
2015/8/8,HFMD,19,23,32
2015/8/9,HFMD,12,24,29
2015/8/10,HFMD,9,24,30
2015/8/11,HFMD,11,25,31
2015/8/12,HFMD,7,25,32
2015/8/13,HFMD,11,26,33
2015/8/14,HFMD,18,26,35
2015/8/15,HFMD,15,26,34
2015/8/16,HFMD,20,25,32
2015/8/17,HFMD,11,22,27
2015/8/18,HFMD,16,22,25
2015/8/19,HFMD,12,21,25
2015/8/20,HFMD,11,22,28
2015/8/21,HFMD,8,24,32
2015/8/22,HFMD,10,25,34
2015/8/23,HFMD,18,24,34
2015/8/24,HFMD,8,23,34
2015/8/25,HFMD,5,23,29
2015/8/26,HFMD,7,23,31
2015/8/27,HFMD,6,22,27
2015/8/28,HFMD,10,24,30
2015/8/29,HFMD,13,24,31
2015/8/30,HFMD,8,24,33
2015/8/31,HFMD,8,25,33
2015/9/1,HFMD,12,25,32
2015/9/2,HFMD,5,25,35
2015/9/3,HFMD,22,25,32
2015/9/4,HFMD,9,24,31
2015/9/5,HFMD,18,24,27
2015/9/6,HFMD,17,24,31
2015/9/7,HFMD,15,24,32
2015/9/8,HFMD,11,25,32
2015/9/9,HFMD,17,26,31
2015/9/10,HFMD,15,22,30
2015/9/11,HFMD,14,20,23
2015/9/12,HFMD,21,19,24
2015/9/13,HFMD,27,21,25
2015/9/14,HFMD,27,22,26
2015/9/15,HFMD,37,23,29
2015/9/16,HFMD,28,22,26
2015/9/17,HFMD,8,19,22
2015/9/18,HFMD,14,20,21
2015/9/19,HFMD,16,18,21
2015/9/20,HFMD,28,21,26
2015/9/21,HFMD,30,21,26
2015/9/22,HFMD,20,19,23
2015/9/23,HFMD,22,19,27
2015/9/24,HFMD,27,19,23
2015/9/25,HFMD,21,20,23
2015/9/26,HFMD,26,20,24
2015/9/27,HFMD,22,21,24
2015/9/28,HFMD,38,20,22
2015/9/29,HFMD,40,20,25
2015/9/30,HFMD,33,18,25
2015/10/1,HFMD,42,17,21
2015/10/2,HFMD,30,18,25
2015/10/3,HFMD,54,18,21
2015/10/4,HFMD,46,17,21
2015/10/5,HFMD,59,18,22
2015/10/6,HFMD,48,19,23
2015/10/7,HFMD,47,19,25
2015/10/8,HFMD,53,18,24
2015/10/9,HFMD,41,19,24
2015/10/10,HFMD,40,16,26
2015/10/11,HFMD,38,17,27
2015/10/12,HFMD,37,20,27
2015/10/13,HFMD,45,18,27
2015/10/14,HFMD,48,17,28
2015/10/15,HFMD,43,18,28
2015/10/16,HFMD,44,19,29
2015/10/17,HFMD,46,19,24
2015/10/18,HFMD,48,20,24
2015/10/19,HFMD,56,18,24
2015/10/20,HFMD,59,19,26
2015/10/21,HFMD,33,20,29
2015/10/22,HFMD,53,19,28
2015/10/23,HFMD,51,19,24
2015/10/24,HFMD,53,20,23
2015/10/25,HFMD,59,18,23
2015/10/26,HFMD,66,15,20
2015/10/27,HFMD,55,16,21
2015/10/28,HFMD,55,16,19
2015/10/29,HFMD,66,15,19
2015/10/30,HFMD,57,15,18
2015/10/31,HFMD,54,14,19
2015/11/1,HFMD,58,12,19
2015/11/2,HFMD,78,16,21
2015/11/3,HFMD,65,16,20
2015/11/4,HFMD,56,16,19
2015/11/5,HFMD,69,15,17
2015/11/6,HFMD,60,15,19
2015/11/7,HFMD,49,16,21
2015/11/8,HFMD,67,14,20
2015/11/9,HFMD,83,16,21
2015/11/10,HFMD,79,16,18
2015/11/11,HFMD,64,14,17
2015/11/12,HFMD,66,13,17
2015/11/13,HFMD,68,14,20
2015/11/14,HFMD,66,16,20
2015/11/15,HFMD,57,14,17
2015/11/16,HFMD,89,15,19
2015/11/17,HFMD,81,16,18
2015/11/18,HFMD,72,15,17
2015/11/19,HFMD,63,15,18
2015/11/20,HFMD,64,15,20
2015/11/21,HFMD,71,16,21
2015/11/22,HFMD,71,17,21
2015/11/23,HFMD,97,13,18
2015/11/24,HFMD,64,12,20
2015/11/25,HFMD,89,11,16
2015/11/26,HFMD,79,11,15
2015/11/27,HFMD,76,11,14
2015/11/28,HFMD,70,10,14
2015/11/29,HFMD,95,10,16
2015/11/30,HFMD,94,11,15
2015/12/1,HFMD,76,12,14
2015/12/2,HFMD,65,11,15
2015/12/3,HFMD,66,10,15
2015/12/4,HFMD,61,9,13
2015/12/5,HFMD,64,8,14
2015/12/6,HFMD,46,8,14
2015/12/7,HFMD,70,9,16
2015/12/8,HFMD,81,11,15
2015/12/9,HFMD,89,11,15
2015/12/10,HFMD,70,11,16
2015/12/11,HFMD,53,12,14
2015/12/12,HFMD,34,9,13
2015/12/13,HFMD,62,9,12
2015/12/14,HFMD,56,6,10
2015/12/15,HFMD,52,5,9
2015/12/16,HFMD,66,5,11
2015/12/17,HFMD,50,6,12
2015/12/18,HFMD,37,6,10
2015/12/19,HFMD,36,6,8
2015/12/20,HFMD,36,6,10
2015/12/21,HFMD,49,7,10
2015/12/22,HFMD,41,6,11
2015/12/23,HFMD,43,7,11
2015/12/24,HFMD,41,8,10
2015/12/25,HFMD,33,7,11
2015/12/26,HFMD,41,5,12
2015/12/27,HFMD,40,7,14
2015/12/28,HFMD,48,7,11
2015/12/29,HFMD,36,8,10
2015/12/30,HFMD,46,8,11
2015/12/31,HFMD,36,8,13
2016/1/1,HFMD,29,9,13
2016/1/2,HFMD,37,8,14
2016/1/3,HFMD,23,9,13
2016/1/4,HFMD,38,8,14
2016/1/5,HFMD,38,9,16
2016/1/6,HFMD,36,9,12
2016/1/7,HFMD,17,8,12
2016/1/8,HFMD,25,8,10
2016/1/9,HFMD,28,8,10
2016/1/10,HFMD,23,7,11
2016/1/11,HFMD,25,9,13
2016/1/12,HFMD,30,8,11
2016/1/13,HFMD,26,9,10
2016/1/14,HFMD,28,7,10
2016/1/15,HFMD,23,8,12
2016/1/16,HFMD,19,7,11
2016/1/17,HFMD,39,7,14
2016/1/18,HFMD,33,8,12
2016/1/19,HFMD,18,8,11
2016/1/20,HFMD,21,6,9
2016/1/21,HFMD,17,4,8
2016/1/22,HFMD,22,1,7
2016/1/23,HFMD,16,-1,2
2016/1/24,HFMD,21,-1,6
2016/1/25,HFMD,15,2,8
2016/1/26,HFMD,17,4,8
2016/1/27,HFMD,15,5,7
2016/1/28,HFMD,12,4,9
2016/1/29,HFMD,17,5,10
2016/1/30,HFMD,14,6,12
2016/1/31,HFMD,14,5,8
2016/2/1,HFMD,10,5,8
2016/2/2,HFMD,11,6,8
2016/2/3,HFMD,10,6,11
2016/2/4,HFMD,13,6,10
2016/2/5,HFMD,6,6,11
2016/2/6,HFMD,7,5,13
2016/2/7,HFMD,5,7,16
2016/2/8,HFMD,1,9,16
2016/2/9,HFMD,9,10,16
2016/2/10,HFMD,9,10,15
2016/2/11,HFMD,5,11,16
2016/2/12,HFMD,10,9,16
2016/2/13,HFMD,3,5,14
2016/2/14,HFMD,5,4,7
2016/2/15,HFMD,9,5,7
2016/2/16,HFMD,9,5,9
2016/2/17,HFMD,20,5,11
2016/2/18,HFMD,9,7,14
2016/2/19,HFMD,16,9,14
2016/2/20,HFMD,12,9,14
2016/2/21,HFMD,11,8,12
2016/2/22,HFMD,8,8,11
2016/2/23,HFMD,8,8,12
2016/2/24,HFMD,9,8,13
2016/2/25,HFMD,10,8,14
2016/2/26,HFMD,8,7,17
2016/2/27,HFMD,7,9,21
2016/2/28,HFMD,7,11,21
2016/2/29,HFMD,4,11,23
2016/3/1,HFMD,3,13,23
2016/3/2,HFMD,8,14,22
2016/3/3,HFMD,3,13,22
2016/3/4,HFMD,6,14,23
2016/3/5,HFMD,7,14,22
2016/3/6,HFMD,10,17,25
2016/3/7,HFMD,16,17,23
2016/3/8,HFMD,10,11,21
2016/3/9,HFMD,12,9,14
2016/3/10,HFMD,10,7,12
2016/3/11,HFMD,10,9,15
2016/3/12,HFMD,14,12,16
2016/3/13,HFMD,18,11,15
2016/3/14,HFMD,20,12,16
2016/3/15,HFMD,20,14,16
2016/3/16,HFMD,15,14,20
2016/3/17,HFMD,16,13,20
2016/3/18,HFMD,16,15,23
2016/3/19,HFMD,20,16,24
2016/3/20,HFMD,13,15,21
2016/3/21,HFMD,13,15,18
2016/3/22,HFMD,18,14,18
2016/3/23,HFMD,18,12,14
2016/3/24,HFMD,13,10,15
2016/3/25,HFMD,27,11,20
2016/3/26,HFMD,20,11,21
2016/3/27,HFMD,24,12,23
2016/3/28,HFMD,29,14,19
2016/3/29,HFMD,12,14,19
2016/3/30,HFMD,30,12,19
2016/3/31,HFMD,16,14,22
2016/4/1,HFMD,25,17,24
2016/4/2,HFMD,22,18,24
2016/4/3,HFMD,27,17,26
2016/4/4,HFMD,24,19,29
2016/4/5,HFMD,47,18,23
2016/4/6,HFMD,22,16,20
2016/4/7,HFMD,38,18,25
2016/4/8,HFMD,34,17,21
2016/4/9,HFMD,35,16,22
2016/4/10,HFMD,38,17,24
2016/4/11,HFMD,61,18,27
2016/4/12,HFMD,43,17,25
2016/4/13,HFMD,36,19,25
2016/4/14,HFMD,56,18,22
2016/4/15,HFMD,55,16,22
2016/4/16,HFMD,40,15,27
2016/4/17,HFMD,49,14,23
2016/4/18,HFMD,59,14,26
2016/4/19,HFMD,77,18,25
2016/4/20,HFMD,62,15,23
2016/4/21,HFMD,60,16,21
2016/4/22,HFMD,53,16,20
2016/4/23,HFMD,65,17,23
2016/4/24,HFMD,51,16,21
2016/4/25,HFMD,74,16,22
2016/4/26,HFMD,57,16,24
2016/4/27,HFMD,71,19,26
2016/4/28,HFMD,54,20,26
2016/4/29,HFMD,55,20,25
2016/4/30,HFMD,56,19,26
2016/5/1,HFMD,66,20,28
2016/5/2,HFMD,62,20,28
2016/5/3,HFMD,76,21,31
2016/5/4,HFMD,101,23,33
2016/5/5,HFMD,95,24,33
2016/5/6,HFMD,63,22,33
2016/5/7,HFMD,81,18,22
2016/5/8,HFMD,79,17,22
2016/5/9,HFMD,94,16,24
2016/5/10,HFMD,95,20,31
2016/5/11,HFMD,139,23,35
2016/5/12,HFMD,107,20,32
2016/5/13,HFMD,70,19,26
2016/5/14,HFMD,54,15,21
2016/5/15,HFMD,75,16,24
2016/5/16,HFMD,80,18,28
2016/5/17,HFMD,70,20,28
2016/5/18,HFMD,79,20,27
2016/5/19,HFMD,51,18,24
2016/5/20,HFMD,60,19,27
2016/5/21,HFMD,45,20,27
2016/5/22,HFMD,57,19,24
2016/5/23,HFMD,60,18,24
2016/5/24,HFMD,45,21,30
2016/5/25,HFMD,74,18,27
2016/5/26,HFMD,52,16,19
2016/5/27,HFMD,49,17,19
2016/5/28,HFMD,41,18,22
2016/5/29,HFMD,54,20,27
2016/5/30,HFMD,59,23,29
2016/5/31,HFMD,60,24,31
2016/6/1,HFMD,56,22,30
2016/6/2,HFMD,81,20,25
2016/6/3,HFMD,65,22,30
2016/6/4,HFMD,67,23,34
2016/6/5,HFMD,69,23,34
2016/6/6,HFMD,85,24,35
2016/6/7,HFMD,82,23,29
2016/6/8,HFMD,65,23,34
2016/6/9,HFMD,54,22,29
2016/6/10,HFMD,61,20,25
2016/6/11,HFMD,64,21,25
2016/6/12,HFMD,83,21,31
2016/6/13,HFMD,86,24,35
2016/6/14,HFMD,73,23,32
2016/6/15,HFMD,59,20,26
2016/6/16,HFMD,61,23,33
2016/6/17,HFMD,87,25,36
2016/6/18,HFMD,66,25,35
2016/6/19,HFMD,83,23,29
2016/6/20,HFMD,109,25,33
2016/6/21,HFMD,101,26,35
2016/6/22,HFMD,73,27,34
2016/6/23,HFMD,62,24,35
2016/6/24,HFMD,65,21,27
2016/6/25,HFMD,71,21,27
2016/6/26,HFMD,79,21,23
2016/6/27,HFMD,85,22,22
2016/6/28,HFMD,104,22,26
2016/6/29,HFMD,92,23,33
2016/6/30,HFMD,70,22,26
2016/7/1,HFMD,71,24,31
2016/7/2,HFMD,89,25,32
2016/7/3,HFMD,70,25,32
2016/7/4,HFMD,83,25,33
2016/7/5,HFMD,69,26,35
2016/7/6,HFMD,106,27,32
2016/7/7,HFMD,95,27,36
2016/7/8,HFMD,82,28,37
2016/7/9,HFMD,81,29,38
2016/7/10,HFMD,96,28,36
2016/7/11,HFMD,80,29,37
2016/7/12,HFMD,91,29,37
2016/7/13,HFMD,85,26,35
2016/7/14,HFMD,75,23,28
2016/7/15,HFMD,74,23,31
2016/7/16,HFMD,69,26,35
2016/7/17,HFMD,110,27,35
2016/7/18,HFMD,79,26,32
2016/7/19,HFMD,70,25,30
2016/7/20,HFMD,77,27,36
2016/7/21,HFMD,67,28,38
2016/7/22,HFMD,70,29,38
2016/7/23,HFMD,83,29,37
2016/7/24,HFMD,95,28,39
2016/7/25,HFMD,83,29,39
2016/7/26,HFMD,79,29,39
2016/7/27,HFMD,60,26,36
2016/7/28,HFMD,60,26,34
2016/7/29,HFMD,50,26,36
2016/7/30,HFMD,45,28,37
2016/7/31,HFMD,68,28,36
2016/8/1,HFMD,59,26,37
2016/8/2,HFMD,60,26,35
2016/8/3,HFMD,43,26,34
2016/8/4,HFMD,50,26,33
2016/8/5,HFMD,42,26,32
2016/8/6,HFMD,51,25,33
2016/8/7,HFMD,54,25,33
2016/8/8,HFMD,55,26,34
2016/8/9,HFMD,49,26,33
2016/8/10,HFMD,56,27,35
2016/8/11,HFMD,40,28,36
2016/8/12,HFMD,49,27,36
2016/8/13,HFMD,49,28,36
2016/8/14,HFMD,50,29,38
2016/8/15,HFMD,57,28,38
2016/8/16,HFMD,52,29,38
2016/8/17,HFMD,59,29,39
2016/8/18,HFMD,47,29,39
2016/8/19,HFMD,54,30,40
2016/8/20,HFMD,61,30,39
2016/8/21,HFMD,42,30,39
2016/8/22,HFMD,45,30,38
2016/8/23,HFMD,43,30,39
2016/8/24,HFMD,56,30,40
2016/8/25,HFMD,38,26,40
2016/8/26,HFMD,35,25,32
2016/8/27,HFMD,38,23,30
2016/8/28,HFMD,35,23,29
2016/8/29,HFMD,34,22,28
2016/8/30,HFMD,31,22,22
2016/8/31,HFMD,39,21,24
2016/9/1,HFMD,39,21,30
2016/9/2,HFMD,33,24,32
2016/9/3,HFMD,37,26,32
2016/9/4,HFMD,19,22,26
2016/9/5,HFMD,33,21,25
2016/9/6,HFMD,26,21,24
2016/9/7,HFMD,29,20,27
2016/9/8,HFMD,35,20,23
2016/9/9,HFMD,41,20,23
2016/9/10,HFMD,46,20,29
2016/9/11,HFMD,40,22,32
2016/9/12,HFMD,55,23,33
2016/9/13,HFMD,65,24,33
2016/9/14,HFMD,63,22,29
2016/9/15,HFMD,64,20,25
2016/9/16,HFMD,52,22,30
2016/9/17,HFMD,71,22,30
2016/9/18,HFMD,76,21,29
2016/9/19,HFMD,80,20,24
2016/9/20,HFMD,78,19,24
2016/9/21,HFMD,80,20,26
2016/9/22,HFMD,76,21,28
2016/9/23,HFMD,102,20,27
2016/9/24,HFMD,86,20,23
2016/9/25,HFMD,96,20,25
2016/9/26,HFMD,115,20,25
2016/9/27,HFMD,106,20,24
2016/9/28,HFMD,127,20,26
2016/9/29,HFMD,120,20,26
2016/9/30,HFMD,125,22,28
2016/10/1,HFMD,157,22,29
2016/10/2,HFMD,158,22,33
2016/10/3,HFMD,155,23,34
2016/10/4,HFMD,189,21,33
2016/10/5,HFMD,186,20,30
2016/10/6,HFMD,192,20,30
2016/10/7,HFMD,173,19,25
2016/10/8,HFMD,146,18,23
2016/10/9,HFMD,145,17,20
2016/10/10,HFMD,106,15,18
2016/10/11,HFMD,106,16,18
2016/10/12,HFMD,91,16,18
2016/10/13,HFMD,100,17,18
2016/10/14,HFMD,104,17,20
2016/10/15,HFMD,92,17,19
2016/10/16,HFMD,122,18,21
2016/10/17,HFMD,122,19,23
2016/10/18,HFMD,134,18,25
2016/10/19,HFMD,144,20,27
2016/10/20,HFMD,126,22,26
2016/10/21,HFMD,131,20,27
2016/10/22,HFMD,159,21,27
2016/10/23,HFMD,171,20,25
2016/10/24,HFMD,192,20,22
2016/10/25,HFMD,177,19,24
2016/10/26,HFMD,182,18,22
2016/10/27,HFMD,164,12,20
2016/10/28,HFMD,147,10,15
2016/10/29,HFMD,149,12,15
2016/10/30,HFMD,149,14,18
2016/10/31,HFMD,196,12,15
2016/11/1,HFMD,164,14,18
2016/11/2,HFMD,159,14,19
2016/11/3,HFMD,128,15,19
2016/11/4,HFMD,118,14,22
2016/11/5,HFMD,108,16,20
2016/11/6,HFMD,129,,
2016/11/7,HFMD,131,11,16
2016/11/8,HFMD,105,10,11
2016/11/9,HFMD,105,10,13
2016/11/10,HFMD,105,10,17
2016/11/11,HFMD,141,10,19
2016/11/12,HFMD,101,14,17
2016/11/13,HFMD,103,14,16
2016/11/14,HFMD,112,15,17
2016/11/15,HFMD,102,14,19
2016/11/16,HFMD,118,16,20
2016/11/17,HFMD,110,16,20
2016/11/18,HFMD,78,16,21
2016/11/19,HFMD,72,15,20
2016/11/20,HFMD,97,16,20
2016/11/21,HFMD,106,15,21
2016/11/22,HFMD,130,7,16
2016/11/23,HFMD,97,8,10
2016/11/24,HFMD,98,8,11
2016/11/25,HFMD,100,9,11
2016/11/26,HFMD,134,7,14
2016/11/27,HFMD,101,8,15
2016/11/28,HFMD,106,10,14
2016/11/29,HFMD,81,10,13
2016/11/30,HFMD,86,9,15
2016/12/1,HFMD,73,8,15
2016/12/2,HFMD,68,11,13
2016/12/3,HFMD,68,8,12
2016/12/4,HFMD,64,8,15
2016/12/5,HFMD,70,7,15
2016/12/6,HFMD,62,8,16
2016/12/7,HFMD,66,10,15
2016/12/8,HFMD,46,9,18
2016/12/9,HFMD,46,13,17
2016/12/10,HFMD,51,12,14
2016/12/11,HFMD,38,12,15
2016/12/12,HFMD,55,11,14
2016/12/13,HFMD,53,11,14
2016/12/14,HFMD,52,10,13
2016/12/15,HFMD,45,9,12
2016/12/16,HFMD,53,8,14
2016/12/17,HFMD,39,9,14
2016/12/18,HFMD,30,10,14
2016/12/19,HFMD,40,10,14
2016/12/20,HFMD,57,10,12
2016/12/21,HFMD,30,8,12
2016/12/22,HFMD,43,8,14
2016/12/23,HFMD,29,9,12
2016/12/24,HFMD,25,10,12
2016/12/25,HFMD,36,7,11
2016/12/26,HFMD,40,7,10
2016/12/27,HFMD,44,7,12
2016/12/28,HFMD,42,8,14
2016/12/29,HFMD,41,8,14
2016/12/30,HFMD,28,10,14
2016/12/31,HFMD,25,10,13
2017/1/1,HFMD,30,11,12
2017/1/2,HFMD,27,10,13
2017/1/3,HFMD,30,8,14
2017/1/4,HFMD,23,11,14
2017/1/5,HFMD,17,11,14
2017/1/6,HFMD,27,10,14
2017/1/7,HFMD,24,9,14
2017/1/8,HFMD,17,11,13
2017/1/9,HFMD,19,11,13
2017/1/10,HFMD,31,9,11
2017/1/11,HFMD,23,6,8
2017/1/12,HFMD,22,6,9
2017/1/13,HFMD,17,5,10
2017/1/14,HFMD,24,6,11
2017/1/15,HFMD,23,8,12
2017/1/16,HFMD,22,8,10
2017/1/17,HFMD,31,7,12
2017/1/18,HFMD,20,8,12
2017/1/19,HFMD,28,8,11
2017/1/20,HFMD,15,7,12
2017/1/21,HFMD,12,7,13
2017/1/22,HFMD,13,6,16
2017/1/23,HFMD,7,9,14
2017/1/24,HFMD,7,7,12
2017/1/25,HFMD,11,6,16
2017/1/26,HFMD,8,10,13
2017/1/27,HFMD,9,10,13
2017/1/28,HFMD,7,9,12
2017/1/29,HFMD,10,9,14
2017/1/30,HFMD,8,8,13
2017/1/31,HFMD,8,8,11
2017/2/1,HFMD,9,8,10
2017/2/2,HFMD,12,8,11
2017/2/3,HFMD,14,7,13
2017/2/4,HFMD,20,8,15
2017/2/5,HFMD,14,7,15
2017/2/6,HFMD,17,10,13
2017/2/7,HFMD,10,8,12
2017/2/8,HFMD,12,4,10
2017/2/9,HFMD,19,8,13
2017/2/10,HFMD,17,7,10
2017/2/11,HFMD,13,5,12
2017/2/12,HFMD,10,4,14
2017/2/13,HFMD,12,7,13
2017/2/14,HFMD,14,9,12
2017/2/15,HFMD,9,7,14
2017/2/16,HFMD,17,8,18
2017/2/17,HFMD,12,11,16
2017/2/18,HFMD,15,12,17
2017/2/19,HFMD,12,13,19
2017/2/20,HFMD,10,14,17
2017/2/21,HFMD,10,8,14
2017/2/22,HFMD,11,7,9
2017/2/23,HFMD,11,6,9
2017/2/24,HFMD,10,6,10
2017/2/25,HFMD,19,6,12
2017/2/26,HFMD,18,6,15
2017/2/27,HFMD,29,9,14
2017/2/28,HFMD,14,8,16
2017/3/1,HFMD,26,9,19
2017/3/2,HFMD,16,10,16
2017/3/3,HFMD,18,11,14
2017/3/4,HFMD,12,11,15
2017/3/5,HFMD,15,10,13
2017/3/6,HFMD,20,10,12
2017/3/7,HFMD,12,10,13
2017/3/8,HFMD,11,11,15
2017/3/9,HFMD,21,10,14
2017/3/10,HFMD,20,11,13
2017/3/11,HFMD,20,12,15
2017/3/12,HFMD,26,13,15
2017/3/13,HFMD,25,10,12
2017/3/14,HFMD,26,8,14
2017/3/15,HFMD,31,8,12
2017/3/16,HFMD,28,10,17
2017/3/17,HFMD,26,12,16
2017/3/18,HFMD,24,12,17
2017/3/19,HFMD,25,14,20
2017/3/20,HFMD,36,13,21
2017/3/21,HFMD,25,12,16
2017/3/22,HFMD,27,12,21
2017/3/23,HFMD,26,13,20
2017/3/24,HFMD,26,11,13
2017/3/25,HFMD,22,10,14
2017/3/26,HFMD,37,9,20
2017/3/27,HFMD,30,13,22
2017/3/28,HFMD,35,13,23
2017/3/29,HFMD,43,16,20
2017/3/30,HFMD,42,14,16
2017/3/31,HFMD,29,14,22
2017/4/1,HFMD,30,14,26
2017/4/2,HFMD,21,17,24
2017/4/3,HFMD,25,17,22
2017/4/4,HFMD,29,14,22
2017/4/5,HFMD,25,16,21
2017/4/6,HFMD,43,15,26
2017/4/7,HFMD,34,19,25
2017/4/8,HFMD,23,19,25
2017/4/9,HFMD,25,17,22
2017/4/10,HFMD,24,14,16
2017/4/11,HFMD,35,15,21
2017/4/12,HFMD,35,14,22
2017/4/13,HFMD,33,14,27
2017/4/14,HFMD,23,18,29
2017/4/15,HFMD,41,18,28
2017/4/16,HFMD,37,17,22
2017/4/17,HFMD,38,16,25
2017/4/18,HFMD,45,17,30
2017/4/19,HFMD,35,16,31
2017/4/20,HFMD,37,15,18
2017/4/21,HFMD,21,15,22
2017/4/22,HFMD,37,16,26
2017/4/23,HFMD,34,17,28
2017/4/24,HFMD,35,18,24
2017/4/25,HFMD,38,17,21
2017/4/26,HFMD,29,16,19
2017/4/27,HFMD,37,15,18
2017/4/28,HFMD,30,15,23
2017/4/29,HFMD,29,17,26
2017/4/30,HFMD,26,18,26
2017/5/1,HFMD,38,19,30
2017/5/2,HFMD,49,21,28
2017/5/3,HFMD,38,17,22
2017/5/4,HFMD,20,16,28
2017/5/5,HFMD,30,17,21
2017/5/6,HFMD,15,14,17
2017/5/7,HFMD,28,14,18
2017/5/8,HFMD,36,16,26
2017/5/9,HFMD,35,16,28
2017/5/10,HFMD,36,18,24
2017/5/11,HFMD,26,19,25
2017/5/12,HFMD,43,19,30
2017/5/13,HFMD,32,22,33
2017/5/14,HFMD,45,23,28
2017/5/15,HFMD,41,21,28
2017/5/16,HFMD,41,19,31
2017/5/17,HFMD,59,21,32
2017/5/18,HFMD,44,23,29
2017/5/19,HFMD,44,24,30
2017/5/20,HFMD,42,24,31
2017/5/21,HFMD,47,22,26
2017/5/22,HFMD,46,20,24
2017/5/23,HFMD,52,20,25
2017/5/24,HFMD,54,18,22
2017/5/25,HFMD,45,18,28
2017/5/26,HFMD,46,19,30
2017/5/27,HFMD,46,21,32
2017/5/28,HFMD,45,23,34
2017/5/29,HFMD,41,24,31
2017/5/30,HFMD,35,22,27
2017/5/31,HFMD,70,23,27
2017/6/1,HFMD,42,23,28
2017/6/2,HFMD,29,21,32
2017/6/3,HFMD,45,25,28
2017/6/4,HFMD,21,20,24
2017/6/5,HFMD,43,21,28
2017/6/6,HFMD,52,21,32
2017/6/7,HFMD,41,22,35
2017/6/8,HFMD,43,24,31
2017/6/9,HFMD,63,22,30
2017/6/10,HFMD,45,22,27
2017/6/11,HFMD,47,24,28
2017/6/12,HFMD,64,23,28
2017/6/13,HFMD,50,22,25
2017/6/14,HFMD,51,20,24
2017/6/15,HFMD,37,19,21
2017/6/16,HFMD,55,20,25
2017/6/17,HFMD,57,20,30
2017/6/18,HFMD,38,22,27
2017/6/19,HFMD,62,22,28
2017/6/20,HFMD,61,24,32
2017/6/21,HFMD,57,22,29
2017/6/22,HFMD,55,24,30
2017/6/23,HFMD,63,25,30
2017/6/24,HFMD,58,24,28
2017/6/25,HFMD,48,22,26
2017/6/26,HFMD,45,21,26
2017/6/27,HFMD,73,20,31
2017/6/28,HFMD,83,24,33
2017/6/29,HFMD,71,23,31
2017/6/30,HFMD,68,23,32
2017/7/1,HFMD,57,24,33
2017/7/2,HFMD,60,25,35
2017/7/3,HFMD,63,26,36
2017/7/4,HFMD,79,26,36
2017/7/5,HFMD,55,27,35
2017/7/6,HFMD,33,24,28
2017/7/7,HFMD,39,24,27
2017/7/8,HFMD,54,24,30
2017/7/9,HFMD,47,23,32
2017/7/10,HFMD,57,25,34
2017/7/11,HFMD,44,26,37
2017/7/12,HFMD,47,26,37
2017/7/13,HFMD,47,26,37
2017/7/14,HFMD,42,24,32
2017/7/15,HFMD,48,25,33
2017/7/16,HFMD,46,28,36
2017/7/17,HFMD,55,27,37
2017/7/18,HFMD,45,28,38
2017/7/19,HFMD,21,28,36
2017/7/20,HFMD,31,28,36
2017/7/21,HFMD,33,28,38
2017/7/22,HFMD,34,29,39
2017/7/23,HFMD,25,29,39
2017/7/24,HFMD,28,30,39
2017/7/25,HFMD,22,27,38
2017/7/26,HFMD,24,30,40
2017/7/27,HFMD,10,31,41
2017/7/28,HFMD,16,31,40
2017/7/29,HFMD,23,31,40
2017/7/30,HFMD,12,28,35
2017/7/31,HFMD,13,30,38
2017/8/1,HFMD,12,30,39
2017/8/2,HFMD,18,30,38
2017/8/3,HFMD,14,28,39
2017/8/4,HFMD,15,29,39
2017/8/5,HFMD,17,29,39
2017/8/6,HFMD,10,28,39
2017/8/7,HFMD,17,25,40
2017/8/8,HFMD,18,24,28
2017/8/9,HFMD,13,25,35
2017/8/10,HFMD,10,26,37
2017/8/11,HFMD,7,25,31
2017/8/12,HFMD,10,22,27
2017/8/13,HFMD,7,22,32
2017/8/14,HFMD,5,26,35
2017/8/15,HFMD,16,27,36
2017/8/16,HFMD,5,29,36
2017/8/17,HFMD,10,28,38
2017/8/18,HFMD,13,28,38
2017/8/19,HFMD,10,29,38
2017/8/20,HFMD,13,29,39
2017/8/21,HFMD,9,30,40
2017/8/22,HFMD,11,30,40
2017/8/23,HFMD,12,30,37
2017/8/24,HFMD,8,27,36
2017/8/25,HFMD,9,26,34
2017/8/26,HFMD,14,26,36
2017/8/27,HFMD,13,27,38
2017/8/28,HFMD,9,27,38
2017/8/29,HFMD,11,27,34
2017/8/30,HFMD,12,26,34
2017/8/31,HFMD,12,24,32
2017/9/1,HFMD,12,21,25
2017/9/2,HFMD,11,22,25
2017/9/3,HFMD,8,22,27
2017/9/4,HFMD,8,22,26
2017/9/5,HFMD,9,21,24
2017/9/6,HFMD,15,21,26
2017/9/7,HFMD,9,22,30
2017/9/8,HFMD,13,23,30
2017/9/9,HFMD,10,22,26
2017/9/10,HFMD,14,21,26
2017/9/11,HFMD,10,22,31
2017/9/12,HFMD,15,21,32
2017/9/13,HFMD,13,21,32
2017/9/14,HFMD,13,24,33
2017/9/15,HFMD,23,23,31
2017/9/16,HFMD,14,24,33
2017/9/17,HFMD,16,25,33
2017/9/18,HFMD,18,22,27
2017/9/19,HFMD,19,21,26
2017/9/20,HFMD,14,20,25
2017/9/21,HFMD,15,21,26
2017/9/22,HFMD,29,22,27
2017/9/23,HFMD,19,22,28
2017/9/24,HFMD,25,22,28
2017/9/25,HFMD,26,23,28
2017/9/26,HFMD,33,22,31
2017/9/27,HFMD,25,20,24
2017/9/28,HFMD,23,20,22
2017/9/29,HFMD,25,21,24
2017/9/30,HFMD,31,19,24
2017/10/1,HFMD,47,21,24
2017/10/2,HFMD,45,21,25
2017/10/3,HFMD,31,20,23
2017/10/4,HFMD,36,17,19
2017/10/5,HFMD,39,17,21
2017/10/6,HFMD,30,18,23
2017/10/7,HFMD,36,19,29
2017/10/8,HFMD,43,20,30
2017/10/9,HFMD,43,21,30
2017/10/10,HFMD,28,14,18
2017/10/11,HFMD,32,14,17
2017/10/12,HFMD,41,15,18
2017/10/13,HFMD,34,16,18
2017/10/14,HFMD,45,16,18
2017/10/15,HFMD,38,17,19
2017/10/16,HFMD,49,17,20
2017/10/17,HFMD,48,16,20
2017/10/18,HFMD,35,16,18
2017/10/19,HFMD,29,17,22
2017/10/20,HFMD,51,17,22
2017/10/21,HFMD,31,18,20
2017/10/22,HFMD,36,16,18
2017/10/23,HFMD,43,15,20
2017/10/24,HFMD,40,15,20
2017/10/25,HFMD,41,17,19
2017/10/26,HFMD,54,16,20
2017/10/27,HFMD,45,15,23
2017/10/28,HFMD,54,14,21
2017/10/29,HFMD,50,16,20
2017/10/30,HFMD,50,15,22
2017/10/31,HFMD,62,14,24
2017/11/1,HFMD,53,16,22
2017/11/2,HFMD,50,15,22
2017/11/3,HFMD,52,14,24
2017/11/4,HFMD,42,15,24
2017/11/5,HFMD,61,15,22
2017/11/6,HFMD,65,14,24
2017/11/7,HFMD,50,14,25
2017/11/8,HFMD,64,15,26
2017/11/9,HFMD,60,14,24
2017/11/10,HFMD,53,15,18
2017/11/11,HFMD,40,14,17
2017/11/12,HFMD,42,15,17
2017/11/13,HFMD,62,16,18
2017/11/14,HFMD,56,14,20
2017/11/15,HFMD,61,15,18
2017/11/16,HFMD,61,16,19
2017/11/17,HFMD,61,14,19
2017/11/18,HFMD,38,12,16
2017/11/19,HFMD,55,11,14
2017/11/20,HFMD,60,10,12
2017/11/21,HFMD,61,10,12
2017/11/22,HFMD,66,10,12
2017/11/23,HFMD,64,7,11
2017/11/24,HFMD,59,9,13
2017/11/25,HFMD,60,9,15
2017/11/26,HFMD,47,10,16
2017/11/27,HFMD,50,10,14
2017/11/28,HFMD,43,12,14
2017/11/29,HFMD,42,11,13
2017/11/30,HFMD,41,10,13
2017/12/1,HFMD,39,11,14
2017/12/2,HFMD,26,10,15
2017/12/3,HFMD,43,12,14
2017/12/4,HFMD,40,10,14
2017/12/5,HFMD,33,11,15
2017/12/6,HFMD,36,11,14
2017/12/7,HFMD,38,11,14
2017/12/8,HFMD,25,8,12
2017/12/9,HFMD,32,7,14
2017/12/10,HFMD,37,10,15
2017/12/11,HFMD,28,10,14
2017/12/12,HFMD,30,11,13
2017/12/13,HFMD,41,9,11
2017/12/14,HFMD,26,10,12
2017/12/15,HFMD,35,9,12
2017/12/16,HFMD,39,7,11
2017/12/17,HFMD,26,7,12
2017/12/18,HFMD,33,7,13
2017/12/19,HFMD,36,5,14
2017/12/20,HFMD,29,6,14
2017/12/21,HFMD,19,6,14
2017/12/22,HFMD,32,5,12
2017/12/23,HFMD,31,6,12
2017/12/24,HFMD,28,6,13
2017/12/25,HFMD,25,6,14
2017/12/26,HFMD,25,7,11
2017/12/27,HFMD,26,7,12
2017/12/28,HFMD,26,7,13
2017/12/29,HFMD,32,7,10
2017/12/30,HFMD,21,6,12
2017/12/31,HFMD,22,6,13
2018/1/1,HFMD,24,8,11
2018/1/2,HFMD,17,7,10
2018/1/3,HFMD,14,6,9
2018/1/4,HFMD,20,6,8
2018/1/5,HFMD,20,6,8
2018/1/6,HFMD,15,5,8
2018/1/7,HFMD,17,5,8
2018/1/8,HFMD,16,4,8
2018/1/9,HFMD,21,2,10
2018/1/10,HFMD,26,2,12
2018/1/11,HFMD,15,4,11
2018/1/12,HFMD,14,3,14
2018/1/13,HFMD,17,7,10
2018/1/14,HFMD,14,4,12
2018/1/15,HFMD,9,5,10
2018/1/16,HFMD,16,4,11
2018/1/17,HFMD,11,4,13
2018/1/18,HFMD,13,8,10
2018/1/19,HFMD,14,8,10
2018/1/20,HFMD,9,9,11
2018/1/21,HFMD,9,6,12
2018/1/22,HFMD,9,10,14
2018/1/23,HFMD,12,9,12
2018/1/24,HFMD,15,3,11
2018/1/25,HFMD,12,3,6
2018/1/26,HFMD,12,2,6
2018/1/27,HFMD,11,3,5
2018/1/28,HFMD,11,4,7
2018/1/29,HFMD,9,4,9
2018/1/30,HFMD,17,5,8
2018/1/31,HFMD,9,4,9
2018/2/1,HFMD,11,4,10
2018/2/2,HFMD,8,5,8
2018/2/3,HFMD,6,6,9
2018/2/4,HFMD,4,6,10
2018/2/5,HFMD,5,5,11
2018/2/6,HFMD,2,3,11
2018/2/7,HFMD,3,5,8
2018/2/8,HFMD,1,6,10
2018/2/9,HFMD,4,7,10
2018/2/10,HFMD,2,6,8
2018/2/11,HFMD,3,6,9
2018/2/12,HFMD,2,6,9
2018/2/13,HFMD,2,7,14
2018/2/14,HFMD,3,8,14
2018/2/15,HFMD,4,7,11
2018/2/16,HFMD,1,10,14
2018/2/17,HFMD,1,10,14
2018/2/18,HFMD,2,8,13
2018/2/19,HFMD,4,10,12
2018/2/20,HFMD,1,10,14
2018/2/21,HFMD,5,9,11
2018/2/22,HFMD,3,7,15
2018/2/23,HFMD,3,8,16
2018/2/24,HFMD,3,11,16
2018/2/25,HFMD,5,8,17
2018/2/26,HFMD,6,10,14
2018/2/27,HFMD,2,9,15
2018/2/28,HFMD,2,9,20
2018/3/1,HFMD,2,14,18
2018/3/2,HFMD,5,14,21
2018/3/3,HFMD,5,14,22
2018/3/4,HFMD,7,11,18
2018/3/5,HFMD,4,12,17
2018/3/6,HFMD,6,11,14
2018/3/7,HFMD,9,9,15
2018/3/8,HFMD,9,10,20
2018/3/9,HFMD,6,12,22
2018/3/10,HFMD,6,14,22
2018/3/11,HFMD,6,13,19
2018/3/12,HFMD,5,14,21
2018/3/13,HFMD,9,14,19
2018/3/14,HFMD,5,12,23
2018/3/15,HFMD,5,13,26
2018/3/16,HFMD,6,15,23
2018/3/17,HFMD,4,17,23
2018/3/18,HFMD,4,15,22
2018/3/19,HFMD,5,11,19
2018/3/20,HFMD,11,13,22
2018/3/21,HFMD,12,13,20
2018/3/22,HFMD,5,13,25
2018/3/23,HFMD,12,14,20
2018/3/24,HFMD,6,14,18
2018/3/25,HFMD,10,14,21
2018/3/26,HFMD,14,14,22
2018/3/27,HFMD,11,15,21
2018/3/28,HFMD,10,15,19
2018/3/29,HFMD,14,15,23
2018/3/30,HFMD,17,16,25
2018/3/31,HFMD,14,17,20
2018/4/1,HFMD,16,15,26
2018/4/2,HFMD,25,16,27
2018/4/3,HFMD,29,17,29
2018/4/4,HFMD,28,18,28
2018/4/5,HFMD,16,14,22
2018/4/6,HFMD,20,12,20
2018/4/7,HFMD,21,12,22
2018/4/8,HFMD,18,15,26
2018/4/9,HFMD,22,15,27
2018/4/10,HFMD,24,18,30
2018/4/11,HFMD,28,21,30
2018/4/12,HFMD,26,16,27
2018/4/13,HFMD,24,14,19
2018/4/14,HFMD,21,14,16
2018/4/15,HFMD,23,12,20
2018/4/16,HFMD,29,12,24
2018/4/17,HFMD,40,17,27
2018/4/18,HFMD,39,17,30
2018/4/19,HFMD,34,20,31
2018/4/20,HFMD,23,20,28
2018/4/21,HFMD,36,20,29
2018/4/22,HFMD,37,20,27
2018/4/23,HFMD,45,20,26
2018/4/24,HFMD,29,19,22
2018/4/25,HFMD,23,16,19
2018/4/26,HFMD,38,16,25
2018/4/27,HFMD,37,18,29
2018/4/28,HFMD,57,20,26
2018/4/29,HFMD,50,20,30
2018/4/30,HFMD,55,21,30
2018/5/1,HFMD,42,22,27
2018/5/2,HFMD,60,22,27
2018/5/3,HFMD,73,20,25
2018/5/4,HFMD,72,19,28
2018/5/5,HFMD,54,20,26
2018/5/6,HFMD,57,17,26
2018/5/7,HFMD,43,18,28
2018/5/8,HFMD,64,20,30
2018/5/9,HFMD,70,21,26
2018/5/10,HFMD,68,18,22
2018/5/11,HFMD,45,18,23
2018/5/12,HFMD,56,18,27
2018/5/13,HFMD,53,19,31
2018/5/14,HFMD,66,22,35
2018/5/15,HFMD,85,24,35
2018/5/16,HFMD,76,24,37
2018/5/17,HFMD,68,24,32
2018/5/18,HFMD,69,23,32
2018/5/19,HFMD,75,23,32
2018/5/20,HFMD,79,25,32
2018/5/21,HFMD,100,23,28
2018/5/22,HFMD,63,22,29
2018/5/23,HFMD,120,23,32
2018/5/24,HFMD,93,19,27
2018/5/25,HFMD,114,21,27
2018/5/26,HFMD,118,19,24
2018/5/27,HFMD,97,17,23
2018/5/28,HFMD,106,19,27
2018/5/29,HFMD,121,20,27
2018/5/30,HFMD,111,20,28
2018/5/31,HFMD,107,19,24
2018/6/1,HFMD,91,21,29
2018/6/2,HFMD,101,22,27
2018/6/3,HFMD,85,20,25
2018/6/4,HFMD,123,19,27
2018/6/5,HFMD,82,21,30
2018/6/6,HFMD,108,21,34
2018/6/7,HFMD,103,22,35
2018/6/8,HFMD,116,22,29
2018/6/9,HFMD,83,21,29
2018/6/10,HFMD,106,24,33
2018/6/11,HFMD,109,24,32
2018/6/12,HFMD,109,21,27
2018/6/13,HFMD,123,22,31
2018/6/14,HFMD,84,23,29
2018/6/15,HFMD,76,23,29
2018/6/16,HFMD,88,22,25
2018/6/17,HFMD,97,22,26
2018/6/18,HFMD,109,23,29
2018/6/19,HFMD,119,22,30
2018/6/20,HFMD,116,24,29
2018/6/21,HFMD,116,24,28
2018/6/22,HFMD,116,24,32
2018/6/23,HFMD,119,24,29
2018/6/24,HFMD,156,26,33
2018/6/25,HFMD,163,26,36
2018/6/26,HFMD,189,27,37
2018/6/27,HFMD,167,27,37
2018/6/28,HFMD,184,28,37
2018/6/29,HFMD,196,29,37
2018/6/30,HFMD,186,28,33
2018/7/1,HFMD,201,25,33
2018/7/2,HFMD,177,26,36
2018/7/3,HFMD,168,24,29
2018/7/4,HFMD,205,26,30
2018/7/5,HFMD,206,26,30
2018/7/6,HFMD,202,25,28
2018/7/7,HFMD,226,24,31
2018/7/8,HFMD,210,27,34
2018/7/9,HFMD,274,25,33
2018/7/10,HFMD,287,27,36
2018/7/11,HFMD,293,28,38
2018/7/12,HFMD,241,26,37
2018/7/13,HFMD,261,26,37
2018/7/14,HFMD,254,28,37
2018/7/15,HFMD,208,28,38
2018/7/16,HFMD,211,29,38
2018/7/17,HFMD,210,29,38
2018/7/18,HFMD,196,29,39
2018/7/19,HFMD,177,29,40
2018/7/20,HFMD,159,30,40
2018/7/21,HFMD,148,30,40
2018/7/22,HFMD,139,31,40
2018/7/23,HFMD,135,28,39
2018/7/24,HFMD,118,32,40
2018/7/25,HFMD,105,30,39
2018/7/26,HFMD,104,29,36
2018/7/27,HFMD,85,30,38
2018/7/28,HFMD,68,27,38
2018/7/29,HFMD,64,32,40
2018/7/30,HFMD,65,28,37
2018/7/31,HFMD,78,25,34
2018/8/1,HFMD,63,26,33
2018/8/2,HFMD,55,24,34
2018/8/3,HFMD,49,25,35
2018/8/4,HFMD,67,24,34
2018/8/5,HFMD,60,24,33
2018/8/6,HFMD,65,26,35
2018/8/7,HFMD,57,24,34
2018/8/8,HFMD,79,25,34
2018/8/9,HFMD,65,24,34
2018/8/10,HFMD,54,26,35
2018/8/11,HFMD,55,26,35
2018/8/12,HFMD,75,26,37
2018/8/13,HFMD,39,26,36
2018/8/14,HFMD,71,28,38
2018/8/15,HFMD,61,28,37
2018/8/16,HFMD,43,26,34
2018/8/17,HFMD,62,25,35
2018/8/18,HFMD,50,27,36
2018/8/19,HFMD,52,27,36
2018/8/20,HFMD,61,28,38
2018/8/21,HFMD,63,25,37
2018/8/22,HFMD,44,24,30
2018/8/23,HFMD,55,24,34
2018/8/24,HFMD,55,25,35
2018/8/25,HFMD,49,26,36
2018/8/26,HFMD,57,26,37
2018/8/27,HFMD,67,27,36
2018/8/28,HFMD,46,28,37
2018/8/29,HFMD,47,28,37
2018/8/30,HFMD,36,28,37
2018/8/31,HFMD,34,29,38
2018/9/1,HFMD,23,29,38
2018/9/2,HFMD,43,30,37
2018/9/3,HFMD,27,30,37
2018/9/4,HFMD,32,29,37
2018/9/5,HFMD,35,25,39
2018/9/6,HFMD,27,21,24
2018/9/7,HFMD,23,18,24
2018/9/8,HFMD,28,19,26
2018/9/9,HFMD,23,21,28
2018/9/10,HFMD,18,19,24
2018/9/11,HFMD,18,19,21
2018/9/12,HFMD,19,19,21
2018/9/13,HFMD,20,21,24
2018/9/14,HFMD,17,21,25
2018/9/15,HFMD,19,21,25
2018/9/16,HFMD,19,21,25
2018/9/17,HFMD,24,21,25
2018/9/18,HFMD,23,21,25
2018/9/19,HFMD,27,22,31
2018/9/20,HFMD,26,22,26
2018/9/21,HFMD,19,20,25
2018/9/22,HFMD,29,22,27
2018/9/23,HFMD,37,22,26
2018/9/24,HFMD,47,20,22
2018/9/25,HFMD,57,20,23
2018/9/26,HFMD,53,19,21
2018/9/27,HFMD,47,18,22
2018/9/28,HFMD,47,16,22
2018/9/29,HFMD,51,17,25
2018/9/30,HFMD,42,19,23
2018/10/1,HFMD,52,18,22
2018/10/2,HFMD,49,16,18
2018/10/3,HFMD,52,16,18
2018/10/4,HFMD,42,16,20
2018/10/5,HFMD,68,17,22
2018/10/6,HFMD,63,17,19
2018/10/7,HFMD,57,17,20
2018/10/8,HFMD,81,16,19
2018/10/9,HFMD,71,14,19
2018/10/10,HFMD,70,14,22
2018/10/11,HFMD,79,16,24
2018/10/12,HFMD,67,16,21
2018/10/13,HFMD,53,14,18
2018/10/14,HFMD,74,14,18
2018/10/15,HFMD,85,15,19
2018/10/16,HFMD,91,15,21
2018/10/17,HFMD,94,16,22
2018/10/18,HFMD,91,17,20
2018/10/19,HFMD,70,14,17
2018/10/20,HFMD,61,14,17
2018/10/21,HFMD,101,15,18
2018/10/22,HFMD,119,16,19
2018/10/23,HFMD,127,16,19
2018/10/24,HFMD,101,16,20
2018/10/25,HFMD,86,16,19
2018/10/26,HFMD,104,16,20
2018/10/27,HFMD,90,15,19
2018/10/28,HFMD,137,14,19
2018/10/29,HFMD,154,15,20
2018/10/30,HFMD,163,14,20
2018/10/31,HFMD,168,14,25
2018/11/1,HFMD,166,14,23
2018/11/2,HFMD,165,14,25
2018/11/3,HFMD,152,13,24
2018/11/4,HFMD,160,15,19
2018/11/5,HFMD,169,13,15
2018/11/6,HFMD,165,10,12
2018/11/7,HFMD,175,9,12
2018/11/8,HFMD,160,9,16
2018/11/9,HFMD,139,11,16
2018/11/10,HFMD,125,11,15
2018/11/11,HFMD,112,13,15
2018/11/12,HFMD,140,11,17
2018/11/13,HFMD,114,12,17
2018/11/14,HFMD,122,13,16
2018/11/15,HFMD,122,11,16
2018/11/16,HFMD,100,10,14
2018/11/17,HFMD,113,10,12
2018/11/18,HFMD,80,8,11
2018/11/19,HFMD,117,9,12
2018/11/20,HFMD,147,10,14
2018/11/21,HFMD,117,8,12
2018/11/22,HFMD,128,7,15
2018/11/23,HFMD,109,8,17
2018/11/24,HFMD,100,9,14
2018/11/25,HFMD,124,9,17
2018/11/26,HFMD,126,9,17
2018/11/27,HFMD,112,10,15
2018/11/28,HFMD,121,9,17
2018/11/29,HFMD,111,12,15
2018/11/30,HFMD,96,12,15
2018/12/1,HFMD,87,12,16
2018/12/2,HFMD,90,13,16
2018/12/3,HFMD,110,11,16
2018/12/4,HFMD,107,11,14
2018/12/5,HFMD,95,9,14
2018/12/6,HFMD,80,8,11
2018/12/7,HFMD,70,6,8
2018/12/8,HFMD,62,5,7
2018/12/9,HFMD,88,7,8
2018/12/10,HFMD,90,6,9
2018/12/11,HFMD,104,7,10
2018/12/12,HFMD,87,7,10
2018/12/13,HFMD,106,7,11
2018/12/14,HFMD,70,8,11
2018/12/15,HFMD,61,7,11
2018/12/16,HFMD,73,5,12
2018/12/17,HFMD,72,4,14
2018/12/18,HFMD,63,7,11
2018/12/19,HFMD,57,7,10
2018/12/20,HFMD,54,8,12
2018/12/21,HFMD,55,9,11
2018/12/22,HFMD,38,9,11
2018/12/23,HFMD,43,9,12
2018/12/24,HFMD,46,9,11
2018/12/25,HFMD,39,7,10
2018/12/26,HFMD,50,7,10
2018/12/27,HFMD,43,6,10
2018/12/28,HFMD,37,4,8
2018/12/29,HFMD,33,2,4
2018/12/30,HFMD,36,2,5
2018/12/31,HFMD,28,4,6
2019/1/1,HFMD,32,4,7
2019/1/2,HFMD,43,4,9
2019/1/3,HFMD,42,6,9
2019/1/4,HFMD,30,5,8
2019/1/5,HFMD,29,6,10
2019/1/6,HFMD,24,7,10
2019/1/7,HFMD,31,7,9
2019/1/8,HFMD,34,7,9
2019/1/9,HFMD,23,6,8
2019/1/10,HFMD,25,6,8
2019/1/11,HFMD,35,5,10
2019/1/12,HFMD,18,6,10
2019/1/13,HFMD,24,6,10
2019/1/14,HFMD,22,7,9
2019/1/15,HFMD,21,6,8
2019/1/16,HFMD,11,5,12
2019/1/17,HFMD,17,7,12
2019/1/18,HFMD,17,8,11
2019/1/19,HFMD,16,8,10
2019/1/20,HFMD,20,8,9
2019/1/21,HFMD,17,6,12
2019/1/22,HFMD,13,5,13
2019/1/23,HFMD,15,7,14
2019/1/24,HFMD,13,8,12
2019/1/25,HFMD,9,9,11
2019/1/26,HFMD,11,8,11
2019/1/27,HFMD,10,8,11
2019/1/28,HFMD,6,8,11
2019/1/29,HFMD,16,9,10
2019/1/30,HFMD,13,8,10
2019/1/31,HFMD,12,8,12
2019/2/1,HFMD,8,7,11
2019/2/2,HFMD,7,9,13
2019/2/3,HFMD,10,8,12
2019/2/4,HFMD,12,9,15
2019/2/5,HFMD,14,8,19
2019/2/6,HFMD,8,8,18
2019/2/7,HFMD,13,10,18
2019/2/8,HFMD,5,10,15
2019/2/9,HFMD,18,8,10
2019/2/10,HFMD,7,5,8
2019/2/11,HFMD,13,7,11
2019/2/12,HFMD,9,8,13
2019/2/13,HFMD,8,8,13
2019/2/14,HFMD,11,9,12
2019/2/15,HFMD,13,9,14
2019/2/16,HFMD,5,10,13
2019/2/17,HFMD,6,8,12
2019/2/18,HFMD,14,7,11
2019/2/19,HFMD,6,8,13
2019/2/20,HFMD,8,10,14
2019/2/21,HFMD,10,8,15
2019/2/22,HFMD,12,8,15
2019/2/23,HFMD,9,9,11
2019/2/24,HFMD,7,8,13
2019/2/25,HFMD,11,9,15
2019/2/26,HFMD,11,11,15
2019/2/27,HFMD,7,12,14
2019/2/28,HFMD,9,10,14
2019/3/1,HFMD,5,10,13
2019/3/2,HFMD,6,9,15
2019/3/3,HFMD,14,8,20
2019/3/4,HFMD,8,6,18
2019/3/5,HFMD,11,10,13
2019/3/6,HFMD,12,11,14
2019/3/7,HFMD,8,9,14
2019/3/8,HFMD,9,8,12
2019/3/9,HFMD,9,9,15
2019/3/10,HFMD,9,8,18
2019/3/11,HFMD,19,12,19
2019/3/12,HFMD,15,13,17
2019/3/13,HFMD,19,12,17
2019/3/14,HFMD,15,11,17
2019/3/15,HFMD,8,11,14
2019/3/16,HFMD,13,11,16
2019/3/17,HFMD,11,10,18
2019/3/18,HFMD,14,10,21
2019/3/19,HFMD,24,15,19
2019/3/20,HFMD,29,15,25
2019/3/21,HFMD,24,14,23
2019/3/22,HFMD,11,11,13
2019/3/23,HFMD,17,10,12
2019/3/24,HFMD,21,9,15
2019/3/25,HFMD,32,8,20
2019/3/26,HFMD,35,14,20
2019/3/27,HFMD,30,16,20
2019/3/28,HFMD,31,14,25
2019/3/29,HFMD,21,14,28
2019/3/30,HFMD,34,15,19
2019/3/31,HFMD,21,14,17
2019/4/1,HFMD,24,13,18
2019/4/2,HFMD,33,15,19
2019/4/3,HFMD,27,13,20
2019/4/4,HFMD,34,13,19
2019/4/5,HFMD,21,13,24
2019/4/6,HFMD,22,14,30
2019/4/7,HFMD,34,15,32
2019/4/8,HFMD,48,18,32
2019/4/9,HFMD,41,20,29
2019/4/10,HFMD,48,17,22
2019/4/11,HFMD,32,18,26
2019/4/12,HFMD,32,17,29
2019/4/13,HFMD,43,18,27
2019/4/14,HFMD,43,15,20
2019/4/15,HFMD,42,15,21
2019/4/16,HFMD,50,15,25
2019/4/17,HFMD,56,17,29
2019/4/18,HFMD,44,20,27
2019/4/19,HFMD,49,20,27
2019/4/20,HFMD,43,19,22
2019/4/21,HFMD,37,18,27
2019/4/22,HFMD,60,19,28
2019/4/23,HFMD,56,20,30
2019/4/24,HFMD,70,21,33
2019/4/25,HFMD,68,23,33
2019/4/26,HFMD,62,24,35
2019/4/27,HFMD,63,24,36
2019/4/28,HFMD,78,19,24
2019/4/29,HFMD,83,18,23
2019/4/30,HFMD,65,18,25
2019/5/1,HFMD,67,19,29
2019/5/2,HFMD,62,18,23
2019/5/3,HFMD,62,17,24
2019/5/4,HFMD,66,18,24
2019/5/5,HFMD,84,18,22
2019/5/6,HFMD,97,17,21
2019/5/7,HFMD,47,15,18
2019/5/8,HFMD,62,14,20
2019/5/9,HFMD,63,16,25
2019/5/10,HFMD,58,17,28
2019/5/11,HFMD,69,19,28
2019/5/12,HFMD,71,19,23
2019/5/13,HFMD,90,19,25
2019/5/14,HFMD,79,18,24
2019/5/15,HFMD,77,19,26
2019/5/16,HFMD,84,20,27
2019/5/17,HFMD,77,21,31
2019/5/18,HFMD,86,21,27
2019/5/19,HFMD,104,17,25
2019/5/20,HFMD,101,16,20
2019/5/21,HFMD,120,18,23
2019/5/22,HFMD,121,16,27
2019/5/23,HFMD,121,20,30
2019/5/24,HFMD,118,20,26
2019/5/25,HFMD,118,21,27
2019/5/26,HFMD,110,22,30
2019/5/27,HFMD,150,18,26
2019/5/28,HFMD,109,17,22
2019/5/29,HFMD,110,16,22
2019/5/30,HFMD,105,18,23
2019/5/31,HFMD,113,18,30
2019/6/1,HFMD,112,21,30
2019/6/2,HFMD,114,19,32
2019/6/3,HFMD,112,22,35
2019/6/4,HFMD,111,23,37
2019/6/5,HFMD,98,22,27
2019/6/6,HFMD,89,23,33
2019/6/7,HFMD,82,23,32
2019/6/8,HFMD,77,22,28
2019/6/9,HFMD,73,23,29
2019/6/10,HFMD,97,23,28
2019/6/11,HFMD,101,22,27
2019/6/12,HFMD,89,21,28
2019/6/13,HFMD,93,23,31
2019/6/14,HFMD,95,23,33
2019/6/15,HFMD,66,22,27
2019/6/16,HFMD,105,19,23
2019/6/17,HFMD,89,21,25
2019/6/18,HFMD,120,22,26
2019/6/19,HFMD,110,25,30
2019/6/20,HFMD,105,25,30
2019/6/21,HFMD,77,24,29
2019/6/22,HFMD,69,24,27
2019/6/23,HFMD,83,22,28
2019/6/24,HFMD,95,23,29
2019/6/25,HFMD,102,23,27
2019/6/26,HFMD,105,22,28
2019/6/27,HFMD,90,23,29
2019/6/28,HFMD,78,21,24
2019/6/29,HFMD,75,22,28
2019/6/30,HFMD,85,23,29
2019/7/1,HFMD,98,23,32
2019/7/2,HFMD,83,25,35
2019/7/3,HFMD,68,25,33
2019/7/4,HFMD,54,22,26
2019/7/5,HFMD,64,23,30
2019/7/6,HFMD,70,23,32
2019/7/7,HFMD,60,24,28
2019/7/8,HFMD,54,22,25
2019/7/9,HFMD,56,22,29
2019/7/10,HFMD,57,22,33
2019/7/11,HFMD,66,22,30
2019/7/12,HFMD,34,22,27
2019/7/13,HFMD,41,23,31
2019/7/14,HFMD,52,24,32
2019/7/15,HFMD,35,24,30
2019/7/16,HFMD,38,24,31
2019/7/17,HFMD,39,25,30
2019/7/18,HFMD,32,25,30
2019/7/19,HFMD,37,25,30
2019/7/20,HFMD,40,26,32
2019/7/21,HFMD,38,27,34
2019/7/22,HFMD,33,26,33
2019/7/23,HFMD,31,25,31
2019/7/24,HFMD,43,26,32
2019/7/25,HFMD,35,25,32
2019/7/26,HFMD,43,27,37
2019/7/27,HFMD,31,29,38
2019/7/28,HFMD,32,29,39
2019/7/29,HFMD,48,28,38
2019/7/30,HFMD,50,25,32
2019/7/31,HFMD,49,25,31
2019/8/1,HFMD,32,25,32
2019/8/2,HFMD,31,27,37
2019/8/3,HFMD,36,27,35
2019/8/4,HFMD,36,24,34
2019/8/5,HFMD,28,26,35
2019/8/6,HFMD,36,25,31
2019/8/7,HFMD,28,24,31
2019/8/8,HFMD,35,25,32
2019/8/9,HFMD,23,26,32
2019/8/10,HFMD,37,26,35
2019/8/11,HFMD,32,27,38
2019/8/12,HFMD,31,27,38
2019/8/13,HFMD,27,27,38
2019/8/14,HFMD,36,26,37
2019/8/15,HFMD,29,26,37
2019/8/16,HFMD,24,26,38
2019/8/17,HFMD,25,26,38
2019/8/18,HFMD,22,28,39
2019/8/19,HFMD,21,30,39
2019/8/20,HFMD,18,29,39
2019/8/21,HFMD,24,29,38
2019/8/22,HFMD,20,29,38
2019/8/23,HFMD,11,28,38
2019/8/24,HFMD,13,29,38
2019/8/25,HFMD,7,30,38
2019/8/26,HFMD,15,30,39
2019/8/27,HFMD,13,26,37
2019/8/28,HFMD,19,26,30
2019/8/29,HFMD,12,25,30
2019/8/30,HFMD,10,22,30
2019/8/31,HFMD,12,22,27
2019/9/1,HFMD,10,22,27
2019/9/2,HFMD,10,22,29
2019/9/3,HFMD,15,24,33
2019/9/4,HFMD,9,25,34
2019/9/5,HFMD,4,23,30
2019/9/6,HFMD,13,24,33
2019/9/7,HFMD,14,25,32
2019/9/8,HFMD,15,25,28
2019/9/9,HFMD,13,24,28
2019/9/10,HFMD,14,26,32
2019/9/11,HFMD,23,26,35
2019/9/12,HFMD,19,27,36
2019/9/13,HFMD,18,24,35
2019/9/14,HFMD,21,22,31
2019/9/15,HFMD,27,20,24
2019/9/16,HFMD,31,20,24
2019/9/17,HFMD,26,20,24
2019/9/18,HFMD,23,21,25
2019/9/19,HFMD,15,18,26
2019/9/20,HFMD,20,18,22
2019/9/21,HFMD,26,17,27
2019/9/22,HFMD,14,19,28
2019/9/23,HFMD,29,19,30
2019/9/24,HFMD,28,20,27
2019/9/25,HFMD,32,17,23
2019/9/26,HFMD,19,19,27
2019/9/27,HFMD,24,19,29
2019/9/28,HFMD,27,20,30
2019/9/29,HFMD,25,21,32
2019/9/30,HFMD,23,22,31
2019/10/1,HFMD,23,23,29
2019/10/2,HFMD,23,22,28
2019/10/3,HFMD,23,23,29
2019/10/4,HFMD,14,21,25
2019/10/5,HFMD,19,20,24
2019/10/6,HFMD,23,20,29
2019/10/7,HFMD,27,20,23
2019/10/8,HFMD,29,18,23
2019/10/9,HFMD,24,19,25
2019/10/10,HFMD,20,18,23
2019/10/11,HFMD,20,18,21
2019/10/12,HFMD,29,18,23
2019/10/13,HFMD,36,18,24
2019/10/14,HFMD,20,17,21
2019/10/15,HFMD,32,17,21
2019/10/16,HFMD,40,16,20
2019/10/17,HFMD,36,14,22
2019/10/18,HFMD,38,14,24
2019/10/19,HFMD,23,15,25
2019/10/20,HFMD,26,18,21
2019/10/21,HFMD,31,17,19
2019/10/22,HFMD,39,16,18
2019/10/23,HFMD,46,16,22
2019/10/24,HFMD,31,15,19
2019/10/25,HFMD,27,13,15
2019/10/26,HFMD,29,13,14
2019/10/27,HFMD,44,13,16
2019/10/28,HFMD,57,12,22
2019/10/29,HFMD,44,13,23
2019/10/30,HFMD,61,16,22
2019/10/31,HFMD,41,16,23
2019/11/1,HFMD,38,15,20
2019/11/2,HFMD,40,13,19
2019/11/3,HFMD,50,15,22
2019/11/4,HFMD,63,15,21
2019/11/5,HFMD,62,14,18
2019/11/6,HFMD,54,14,17
2019/11/7,HFMD,59,12,19
2019/11/8,HFMD,64,14,19
2019/11/9,HFMD,59,16,18
2019/11/10,HFMD,71,15,18
2019/11/11,HFMD,59,16,19
2019/11/12,HFMD,62,13,16
2019/11/13,HFMD,74,13,16
2019/11/14,HFMD,51,11,20
2019/11/15,HFMD,67,13,20
2019/11/16,HFMD,46,15,18
2019/11/17,HFMD,66,9,14
2019/11/18,HFMD,84,8,11
2019/11/19,HFMD,77,10,13
2019/11/20,HFMD,58,9,14
2019/11/21,HFMD,77,11,16
2019/11/22,HFMD,58,13,16
2019/11/23,HFMD,52,12,16
2019/11/24,HFMD,59,8,12
2019/11/25,HFMD,61,8,11
2019/11/26,HFMD,58,9,12
2019/11/27,HFMD,72,10,12
2019/11/28,HFMD,69,10,12
2019/11/29,HFMD,45,10,11
2019/11/30,HFMD,61,9,10
2019/12/1,HFMD,64,8,11
2019/12/2,HFMD,62,7,12
2019/12/3,HFMD,53,9,12
2019/12/4,HFMD,75,9,12
2019/12/5,HFMD,49,8,13
2019/12/6,HFMD,43,7,15
2019/12/7,HFMD,52,7,15
2019/12/8,HFMD,46,9,14
2019/12/9,HFMD,50,8,15
2019/12/10,HFMD,58,8,16
2019/12/11,HFMD,44,9,12
2019/12/12,HFMD,49,10,13
2019/12/13,HFMD,41,10,15
2019/12/14,HFMD,32,11,14
2019/12/15,HFMD,44,11,14
2019/12/16,HFMD,53,11,14
2019/12/17,HFMD,53,9,12
2019/12/18,HFMD,44,7,9
2019/12/19,HFMD,58,8,9
2019/12/20,HFMD,41,8,10
2019/12/21,HFMD,43,8,11
2019/12/22,HFMD,54,9,12
2019/12/23,HFMD,42,9,13
2019/12/24,HFMD,32,10,13
2019/12/25,HFMD,39,9,12
2019/12/26,HFMD,33,7,10
2019/12/27,HFMD,35,6,8
2019/12/28,HFMD,40,6,9
2019/12/29,HFMD,37,8,12
2019/12/30,HFMD,47,10,12
2019/12/31,HFMD,31,9,12
2020/1/1,HFMD,31,10,12
2020/1/2,HFMD,36,10,13
2020/1/3,HFMD,42,10,13
2020/1/4,HFMD,21,10,12
2020/1/5,HFMD,27,9,12
2020/1/6,HFMD,34,7,10
2020/1/7,HFMD,46,7,13
2020/1/8,HFMD,26,9,11
2020/1/9,HFMD,32,8,12
2020/1/10,HFMD,26,9,11
2020/1/11,HFMD,16,6,13
2020/1/12,HFMD,19,5,14
2020/1/13,HFMD,21,9,12
2020/1/14,HFMD,24,9,12
2020/1/15,HFMD,22,8,10
2020/1/16,HFMD,15,8,12
2020/1/17,HFMD,26,7,11
2020/1/18,HFMD,16,8,11
2020/1/19,HFMD,16,6,12
2020/1/20,HFMD,16,7,11
2020/1/21,HFMD,24,9,13
2020/1/22,HFMD,24,10,13
2020/1/23,HFMD,8,10,12
2020/1/24,HFMD,11,9,10
2020/1/25,HFMD,7,7,9
2020/1/26,HFMD,12,7,12
2020/1/27,HFMD,7,7,10
2020/1/28,HFMD,7,7,13
2020/1/29,HFMD,7,6,15
2020/1/30,HFMD,1,6,14
2020/1/31,HFMD,2,8,11
2020/2/1,HFMD,5,8,10
2020/2/2,HFMD,2,8,10
2020/2/3,HFMD,1,8,10
2020/2/4,HFMD,2,7,14
2020/2/5,HFMD,1,8,11
2020/2/6,HFMD,1,10,13
2020/2/7,HFMD,1,10,13
2020/2/8,HFMD,1,10,13
2020/2/9,HFMD,1,10,13
2020/2/10,HFMD,3,10,12
2020/2/11,HFMD,1,10,15
2020/2/12,HFMD,2,8,18
2020/2/13,HFMD,1,4,14
2020/2/14,HFMD,1,4,14
2020/2/15,HFMD,1,3,10
2020/2/16,HFMD,1,3,10
2020/2/17,HFMD,1,11,15
2020/2/18,HFMD,1,11,15
2020/2/19,HFMD,1,11,15
2020/2/20,HFMD,1,11,15
2020/2/21,HFMD,1,11,15
2020/2/22,HFMD,1,11,15
2020/2/23,HFMD,1,11,15
2020/2/24,HFMD,2,11,17
2020/2/25,HFMD,2,11,17
2020/2/26,HFMD,2,12,15
2020/2/27,HFMD,2,12,15
2020/2/28,HFMD,2,10,13
2020/2/29,HFMD,2,10,13
2020/3/1,HFMD,2,10,13
2020/3/2,HFMD,2,10,13
2020/3/3,HFMD,2,10,13
2020/3/4,HFMD,2,10,13
2020/3/5,HFMD,1,11,16
2020/3/6,HFMD,1,11,16
2020/3/7,HFMD,1,12,18
2020/3/8,HFMD,1,12,18
2020/3/9,HFMD,1,12,18
2020/3/10,HFMD,1,12,15
2020/3/11,HFMD,1,12,15
2020/3/12,HFMD,2,12,18
2020/3/13,HFMD,1,12,17
2020/3/14,HFMD,1,12,17
2020/3/15,HFMD,1,13,17
2020/3/16,HFMD,1,13,17
2020/3/17,HFMD,1,11,22
2020/3/18,HFMD,1,11,22
2020/3/19,HFMD,1,14,24
2020/3/20,HFMD,1,14.7,27.8
2020/3/21,HFMD,1,17.2,29.1
2020/3/22,HFMD,1,16.6,27.6
2020/3/23,HFMD,1,16.8,27.3
2020/3/24,HFMD,1,17.8,28.3
2020/3/25,HFMD,1,17.2,27.5
2020/3/26,HFMD,1,19.2,30.9
2020/3/27,HFMD,1,13.2,
2020/3/28,HFMD,1,11.9,13.8
2020/3/29,HFMD,1,10.6,14.9
2020/3/30,HFMD,1,11.6,16.6
2020/3/31,HFMD,2,13.3,19.6
2020/4/1,HFMD,2,14.2,17.1
2020/4/2,HFMD,2,14.8,17.9
2020/4/3,HFMD,2,14.9,17.2
2020/4/4,HFMD,1,12.3,15.1
2020/4/5,HFMD,1,12.2,13.2
2020/4/6,HFMD,2,12.4,17.3
2020/4/7,HFMD,2,12,23.1
2020/4/8,HFMD,2,15.3,21.5
2020/4/9,HFMD,1,13.6,27.5
2020/4/10,HFMD,1,17.7,21.2
2020/4/11,HFMD,1,15.7,21.5
2020/4/12,HFMD,1,14.1,24.4
2020/4/13,HFMD,1,16,19.3
2020/4/14,HFMD,1,13.4,24.7
2020/4/15,HFMD,1,14.2,29
2020/4/16,HFMD,1,17.7,29.6
2020/4/17,HFMD,2,19.6,25.1
2020/4/18,HFMD,2,16.9,
2020/4/19,HFMD,1,16.4,22.3
2020/4/20,HFMD,1,16.7,19.8
2020/4/21,HFMD,1,13.8,17.4
2020/4/22,HFMD,2,12.3,13.8
2020/4/23,HFMD,2,11.4,12.6
2020/4/24,HFMD,2,12,20.4
2020/4/25,HFMD,1,13.4,22
2020/4/26,HFMD,1,12.8,27.5
2020/4/27,HFMD,1,14.2,30.6
2020/4/28,HFMD,1,15.4,32.5
2020/4/29,HFMD,1,18.6,32.4
2020/4/30,HFMD,1,19.5,25.5
2020/5/1,HFMD,1,18.1,30.3
2020/5/2,HFMD,1,20,33.7
2020/5/3,HFMD,1,20.5,36.2
2020/5/4,HFMD,1,24.9,36.4
2020/5/5,HFMD,2,24.1,33.8
2020/5/6,HFMD,1,22.1,33.4
2020/5/7,HFMD,3,24.5,33.8
2020/5/8,HFMD,4,21.2,29.1
2020/5/9,HFMD,3,20.8,24.5
2020/5/10,HFMD,1,18.3,29.6
2020/5/11,HFMD,1,18.2,24.9
2020/5/12,HFMD,1,,26.9
2020/5/13,HFMD,1,19.2,22.9
2020/5/14,HFMD,1,18.6,21.9
2020/5/15,HFMD,1,18.5,30
2020/5/16,HFMD,1,21.7,29.5
2020/5/17,HFMD,1,23.1,32.6
2020/5/18,HFMD,1,21.4,34.9
2020/5/19,HFMD,1,23.4,35.4
2020/5/20,HFMD,1,25,
2020/5/21,HFMD,1,22.3,25.5
2020/5/22,HFMD,1,22.5,29.8
2020/5/23,HFMD,1,21.6,34.5
2020/5/24,HFMD,1,20.5,28
2020/5/25,HFMD,1,19.2,21.1
2020/5/26,HFMD,1,18.7,25.1
2020/5/27,HFMD,1,20.3,25.6
2020/5/28,HFMD,1,19.7,26.1
2020/5/29,HFMD,1,19.1,30.3
2020/5/30,HFMD,1,20.1,34.4
2020/5/31,HFMD,1,22.1,28.1
2020/6/1,HFMD,1,21.6,32.9
2020/6/2,HFMD,1,18.6,
2020/6/3,HFMD,1,18.9,28.1
2020/6/4,HFMD,1,20.4,32
2020/6/5,HFMD,1,22.4,34.2
2020/6/6,HFMD,2,24.5,31.2
2020/6/7,HFMD,2,23.1,
2020/6/8,HFMD,1,21.9,27.6
2020/6/9,HFMD,1,21.6,25.1
2020/6/10,HFMD,1,21.8,31
2020/6/11,HFMD,4,24.7,28.6
2020/6/12,HFMD,1,23.8,28
2020/6/13,HFMD,1,24.6,32.9
2020/6/14,HFMD,1,24.6,30.6
2020/6/15,HFMD,1,25.7,36.4
2020/6/16,HFMD,1,28.1,36.8
2020/6/17,HFMD,1,23.3,
2020/6/18,HFMD,1,23.5,31.8
2020/6/19,HFMD,1,24.5,33.9
2020/6/20,HFMD,2,21.5,
2020/6/21,HFMD,1,22.6,28.5
2020/6/22,HFMD,1,23.8,26.2
2020/6/23,HFMD,1,23.8,27.8
2020/6/24,HFMD,4,23.8,33.1
2020/6/25,HFMD,4,24.2,37.1
2020/6/26,HFMD,4,26.4,36
2020/6/27,HFMD,4,22.7,28.3
2020/6/28,HFMD,4,23.5,27.5
2020/6/29,HFMD,4,24.3,33.7
2020/6/30,HFMD,2,26.3,29.4
2020/7/1,HFMD,1,22.9,27.6
2020/7/2,HFMD,2,21.8,28.7
2020/7/3,HFMD,2,23.5,33.9
2020/7/4,HFMD,2,24.5,28.6
2020/7/5,HFMD,2,25,26.5
2020/7/6,HFMD,2,23.8,26.5
2020/7/7,HFMD,1,24.5,27.8
2020/7/8,HFMD,1,24.5,31.9
2020/7/9,HFMD,5,25.4,33.3
2020/7/10,HFMD,2,25.2,31.4
2020/7/11,HFMD,2,24.6,27
2020/7/12,HFMD,1,25,27.5
2020/7/13,HFMD,3,23.4,29.2
2020/7/14,HFMD,1,25.2,36.2
2020/7/15,HFMD,1,27.6,31.7
2020/7/16,HFMD,3,25.8,27.6
2020/7/17,HFMD,2,24.6,26
2020/7/18,HFMD,1,24.4,30.2
2020/7/19,HFMD,2,24.8,34.4
2020/7/20,HFMD,3,25.1,30.9
2020/7/21,HFMD,3,25.5,31.6
2020/7/22,HFMD,2,24.5,29.4
2020/7/23,HFMD,1,26.3,35.7
2020/7/24,HFMD,2,28.3,36.8
2020/7/25,HFMD,2,27.9,35.9
2020/7/26,HFMD,3,23.8,30.8
2020/7/27,HFMD,3,24.1,35.7
2020/7/28,HFMD,4,26,38.6
2020/7/29,HFMD,4,27.3,36.6
2020/7/30,HFMD,1,25.2,
2020/7/31,HFMD,2,23.9,31.2
2020/8/1,HFMD,6,25.7,36.9
2020/8/2,HFMD,1,27.8,37.1
2020/8/3,HFMD,4,28.4,38.3
2020/8/4,HFMD,5,29.1,38.7
2020/8/5,HFMD,2,29.3,39.2
2020/8/6,HFMD,3,30.6,38.5
2020/8/7,HFMD,2,30.9,37
2020/8/8,HFMD,2,26.4,35.4
2020/8/9,HFMD,4,26.9,35.4
2020/8/10,HFMD,2,28.7,38.5
2020/8/11,HFMD,6,29.9,35.6
2020/8/12,HFMD,4,30.2,37.9
2020/8/13,HFMD,4,24.7,
2020/8/14,HFMD,3,24.7,38.2
2020/8/15,HFMD,3,29.7,37.4
2020/8/16,HFMD,4,30.5,37
2020/8/17,HFMD,2,30,36.5
2020/8/18,HFMD,3,22.6,
2020/8/19,HFMD,2,20.9,29.8
2020/8/20,HFMD,6,24.4,32.7
2020/8/21,HFMD,6,26.2,35.5
2020/8/22,HFMD,2,27.5,36.9
2020/8/23,HFMD,4,27.8,40.5
2020/8/24,HFMD,9,24.7,
2020/8/25,HFMD,2,22.7,35.6
2020/8/26,HFMD,4,24.4,36.8
2020/8/27,HFMD,3,25.4,39.9
2020/8/28,HFMD,4,28,39.7
2020/8/29,HFMD,4,27.6,40.3
2020/8/30,HFMD,6,30.1,39.4
2020/8/31,HFMD,7,26.3,33.6
2020/9/1,HFMD,4,25.3,33.8
2020/9/2,HFMD,3,24.3,28.8
2020/9/3,HFMD,3,24.6,27.5
2020/9/4,HFMD,5,21.6,26.4
2020/9/5,HFMD,3,23.5,30.8
2020/9/6,HFMD,3,22.1,
2020/9/7,HFMD,7,21.5,33.5
2020/9/8,HFMD,6,24,32.4
2020/9/9,HFMD,12,25.6,34.7
2020/9/10,HFMD,7,22.8,28.5
2020/9/11,HFMD,7,24.4,28.7
2020/9/12,HFMD,4,21,25.6
2020/9/13,HFMD,10,20.3,22
2020/9/14,HFMD,13,,
2020/9/15,HFMD,14,21,23.7
2020/9/16,HFMD,12,21.7,23.6
2020/9/17,HFMD,8,18.6,
2020/9/18,HFMD,9,19.1,27.8
2020/9/19,HFMD,8,21,30.4
2020/9/20,HFMD,20,23.5,27.8
2020/9/21,HFMD,10,20.6,23.8
2020/9/22,HFMD,11,18.2,20.9
2020/9/23,HFMD,22,18.8,23.5
2020/9/24,HFMD,7,19.5,27.2
2020/9/25,HFMD,15,19.1,
2020/9/26,HFMD,7,18.2,22.8
2020/9/27,HFMD,9,19.5,25
2020/9/28,HFMD,16,19.9,22.4
2020/9/29,HFMD,15,19.3,23.4
2020/9/30,HFMD,9,19.9,27
2020/10/1,HFMD,14,21.1,23.1
2020/10/2,HFMD,16,19.9,21.8
2020/10/3,HFMD,23,19.3,21.5
2020/10/4,HFMD,10,18,19.3
2020/10/5,HFMD,19,15.8,18.3
2020/10/6,HFMD,27,14.7,16.6
2020/10/7,HFMD,21,15.3,19.6
2020/10/8,HFMD,23,17,18.7
2020/10/9,HFMD,31,16,18.1
2020/10/10,HFMD,39,16.9,20.4
2020/10/11,HFMD,22,17.8,19.7
2020/10/12,HFMD,32,17.5,18.9
2020/10/13,HFMD,24,18.2,20
2020/10/14,HFMD,24,15.9,19.7
2020/10/15,HFMD,33,14.9,17
2020/10/16,HFMD,38,14.8,16.3
2020/10/17,HFMD,38,14.1,17.5
2020/10/18,HFMD,46,14.6,19.3
2020/10/19,HFMD,44,15.7,19.7
2020/10/20,HFMD,42,14.2,18.4
2020/10/21,HFMD,44,14.6,19.9
2020/10/22,HFMD,47,13.7,22.7
2020/10/23,HFMD,42,13.2,21.9
2020/10/24,HFMD,50,17.3,23.4
2020/10/25,HFMD,58,17.7,21.2
2020/10/26,HFMD,54,17.6,20.1
2020/10/27,HFMD,63,17.1,18.6
2020/10/28,HFMD,72,15.1,
2020/10/29,HFMD,56,15.1,18.5
2020/10/30,HFMD,65,16.6,18.7
2020/10/31,HFMD,47,16.4,17.7
2020/11/1,HFMD,56,15.2,
2020/11/2,HFMD,62,13.9,16.5
2020/11/3,HFMD,67,14.8,18.2
2020/11/4,HFMD,76,14.7,18.5
2020/11/5,HFMD,74,15,18
2020/11/6,HFMD,78,15.4,20.5
2020/11/7,HFMD,62,13.8,22.2
2020/11/8,HFMD,77,14.6,21.8
2020/11/9,HFMD,99,16.9,23.5
2020/11/10,HFMD,87,14.6,25.2
2020/11/11,HFMD,86,13.2,25.9
2020/11/12,HFMD,74,13,24.3
2020/11/13,HFMD,86,13,25.5
2020/11/14,HFMD,75,14.1,25
2020/11/15,HFMD,89,13.2,24.5
2020/11/16,HFMD,90,13.7,24.1
2020/11/17,HFMD,99,15.5,25.9
2020/11/18,HFMD,75,16.8,21.7
2020/11/19,HFMD,77,15.6,22.9
2020/11/20,HFMD,67,16.1,19.2
2020/11/21,HFMD,62,12.4,17.5
2020/11/22,HFMD,66,8.5,
2020/11/23,HFMD,70,8.3,10.6
2020/11/24,HFMD,71,8.5,10.6
2020/11/25,HFMD,62,,12
2020/11/26,HFMD,73,10.6,13.9
2020/11/27,HFMD,67,11.1,13.2
2020/11/28,HFMD,38,9,11.8
2020/11/29,HFMD,53,8.5,13.6
2020/11/30,HFMD,48,10.7,12.5
2020/12/1,HFMD,55,9.6,12.4
2020/12/2,HFMD,51,10.3,11.3
2020/12/3,HFMD,52,9.3,10.4
2020/12/4,HFMD,60,8.5,10
2020/12/5,HFMD,43,,13.8
2020/12/6,HFMD,46,8.9,10.9
2020/12/7,HFMD,72,9.3,10.5
2020/12/8,HFMD,74,,13.7
2020/12/9,HFMD,47,,11.3
2020/12/10,HFMD,54,,11.8
2020/12/11,HFMD,41,9.5,11.4
2020/12/12,HFMD,42,10.2,11.9
2020/12/13,HFMD,43,10,
2020/12/14,HFMD,38,7.2,
2020/12/15,HFMD,42,6.4,7.3
2020/12/16,HFMD,39,,8.5
2020/12/17,HFMD,37,6.8,8.9
2020/12/18,HFMD,47,6.5,8.9
2020/12/19,HFMD,55,6.6,7.8
2020/12/20,HFMD,35,4,10.8
2020/12/21,HFMD,43,3.4,11.7
2020/12/22,HFMD,46,3.6,8.7
2020/12/23,HFMD,42,6.4,10.8
2020/12/24,HFMD,46,,8.5
2020/12/25,HFMD,37,7.1,8.8
2020/12/26,HFMD,31,7.4,9.8
2020/12/27,HFMD,36,6,12.1
2020/12/28,HFMD,33,8.9,10.3
2020/12/29,HFMD,37,6.2,
2020/12/30,HFMD,22,5.9,7.6
2020/12/31,HFMD,32,5.2,7.4
2021/1/1,HFMD,29,5.5,10.7
2021/1/2,HFMD,20,8,
2021/1/3,HFMD,26,7,10.3
2021/1/4,HFMD,38,9.1,
2021/1/5,HFMD,38,10.8,
2021/1/6,HFMD,30,9.4,
2021/1/7,HFMD,21,8.2,
2021/1/8,HFMD,25,6,
2021/1/9,HFMD,20,5.5,
2021/1/10,HFMD,16,4,5
2021/1/11,HFMD,21,9.3,
2021/1/12,HFMD,19,1,12.4
2021/1/13,HFMD,19,13.3,
2021/1/14,HFMD,25,14.4,
2021/1/15,HFMD,24,13.7,
2021/1/16,HFMD,17,8.2,
2021/1/17,HFMD,9,3.8,7.5
2021/1/18,HFMD,11,7.6,
2021/1/19,HFMD,19,10.3,
2021/1/20,HFMD,15,10.5,
2021/1/21,HFMD,16,10.1,
2021/1/22,HFMD,11,7.1,15.3
2021/1/23,HFMD,12,,13.2
2021/1/24,HFMD,13,,
2021/1/25,HFMD,8,12.5,
2021/1/26,HFMD,13,8.9,10.9
2021/1/27,HFMD,10,9.6,
2021/1/28,HFMD,15,13.1,
2021/1/29,HFMD,10,11.8,
2021/1/30,HFMD,11,8.9,14.8
2021/1/31,HFMD,9,12.8,
2021/2/1,HFMD,10,15.4,
2021/2/2,HFMD,9,9.3,12.3
2021/2/3,HFMD,9,13.8,
2021/2/4,HFMD,9,12.8,
2021/2/5,HFMD,11,10,14.7
2021/2/6,HFMD,10,15.4,
2021/2/7,HFMD,7,17.8,
2021/2/8,HFMD,6,16.3,
2021/2/9,HFMD,3,17.9,
2021/2/10,HFMD,12,10.2,19.5
2021/2/11,HFMD,3,20.2,
2021/2/12,HFMD,2,22.2,
2021/2/13,HFMD,7,11.9,16.3
2021/2/14,HFMD,8,21.6,
2021/2/15,HFMD,11,,
2021/2/16,HFMD,8,11.2,15.6
2021/2/17,HFMD,5,18.9,
2021/2/18,HFMD,6,18.5,
2021/2/19,HFMD,4,11.2,19.7
2021/2/20,HFMD,8,21.8,
2021/2/21,HFMD,5,24,
2021/2/22,HFMD,3,25.8,
2021/2/23,HFMD,6,24.1,
2021/2/24,HFMD,9,27.6,
2021/2/25,HFMD,8,20.8,
2021/2/26,HFMD,7,12.6,
2021/2/27,HFMD,3,13.3,
2021/2/28,HFMD,13,,
2021/3/1,HFMD,8,16.5,
2021/3/2,HFMD,6,10.2,12.8
2021/3/3,HFMD,7,15.1,
2021/3/4,HFMD,9,18.4,
2021/3/5,HFMD,6,19.5,
2021/3/6,HFMD,6,12.7,16.1
2021/3/7,HFMD,3,14.2,
2021/3/8,HFMD,6,17,
2021/3/9,HFMD,5,17.1,
2021/3/10,HFMD,5,15.4,
2021/3/11,HFMD,8,20.4,
2021/3/12,HFMD,4,20.5,
2021/3/13,HFMD,9,25.1,
2021/3/14,HFMD,8,24.8,
2021/3/15,HFMD,9,26,
2021/3/16,HFMD,11,17.4,20
2021/3/17,HFMD,9,24.1,
2021/3/18,HFMD,12,23.6,
2021/3/19,HFMD,4,20.6,
2021/3/20,HFMD,12,,
2021/3/21,HFMD,11,10.5,
2021/3/22,HFMD,10,14.2,
2021/3/23,HFMD,12,19.3,
2021/3/24,HFMD,10,24.3,
2021/3/25,HFMD,12,16,20.2
2021/3/26,HFMD,16,18.2,
2021/3/27,HFMD,9,23.6,
2021/3/28,HFMD,9,27.7,
2021/3/29,HFMD,12,27.4,
2021/3/30,HFMD,13,24.4,
2021/3/31,HFMD,11,23.5,
2021/4/1,HFMD,12,,
2021/4/2,HFMD,19,14.2,16.5
2021/4/3,HFMD,17,18.1,
2021/4/4,HFMD,13,18.9,
2021/4/5,HFMD,20,19.2,
2021/4/6,HFMD,19,17.7,
2021/4/7,HFMD,13,17.4,
2021/4/8,HFMD,26,22.5,
2021/4/9,HFMD,11,15.5,20.1
2021/4/10,HFMD,13,17.7,
2021/4/11,HFMD,13,19,
2021/4/12,HFMD,24,14.8,21.2
2021/4/13,HFMD,15,21.3,
2021/4/14,HFMD,26,21.7,
2021/4/15,HFMD,20,19.6,
2021/4/16,HFMD,21,18.9,
2021/4/17,HFMD,23,18.9,
2021/4/18,HFMD,31,17.3,
2021/4/19,HFMD,33,15.6,20.9
2021/4/20,HFMD,43,20.1,
2021/4/21,HFMD,31,25.1,
2021/4/22,HFMD,32,16.2,27.7
2021/4/23,HFMD,33,21.9,25.3
2021/4/24,HFMD,32,18.3,23.4
2021/4/25,HFMD,37,16.8,19.7
2021/4/26,HFMD,46,24.2,
2021/4/27,HFMD,57,27.2,
2021/4/28,HFMD,72,23.3,
2021/4/29,HFMD,56,29.6,
2021/4/30,HFMD,68,33.5,
2021/5/1,HFMD,62,36,
2021/5/2,HFMD,47,37.1,
2021/5/3,HFMD,57,27.3,
2021/5/4,HFMD,63,27,
2021/5/5,HFMD,47,,
2021/5/6,HFMD,74,18.9,
2021/5/7,HFMD,75,25.2,
2021/5/8,HFMD,56,17.7,29.3
2021/5/9,HFMD,55,34.2,
2021/5/10,HFMD,44,28,
2021/5/11,HFMD,55,20.3,23.5
2021/5/12,HFMD,50,20.2,29.3
2021/5/13,HFMD,48,22.3,26.1
2021/5/14,HFMD,81,21.4,30.1
2021/5/15,HFMD,72,20,26.9
2021/5/16,HFMD,51,19.5,27.9
2021/5/17,HFMD,63,26.1,
2021/5/18,HFMD,82,28.2,
2021/5/19,HFMD,90,20.6,27.1
2021/5/20,HFMD,76,21.5,25.2
2021/5/21,HFMD,65,24.8,
2021/5/22,HFMD,62,23.5,
2021/5/23,HFMD,63,18.3,
2021/5/24,HFMD,63,,
2021/5/25,HFMD,109,18.2,21.6
2021/5/26,HFMD,99,23,
2021/5/27,HFMD,97,25.8,
2021/5/28,HFMD,95,26.3,
2021/5/29,HFMD,88,24.3,
2021/5/30,HFMD,90,28.6,
2021/5/31,HFMD,88,31.3,
2021/6/1,HFMD,92,31,
2021/6/2,HFMD,123,23.2,26.5
2021/6/3,HFMD,105,17.5,25.1
2021/6/4,HFMD,101,30.5,
2021/6/5,HFMD,86,32.2,
2021/6/6,HFMD,108,20,34.2
2021/6/7,HFMD,123,25.3,31.4
2021/6/8,HFMD,103,24,27.8
2021/6/9,HFMD,87,20.5,
2021/6/10,HFMD,84,21.2,27.4
2021/6/11,HFMD,78,30.9,
2021/6/12,HFMD,82,35,
2021/6/13,HFMD,115,26.6,36.7
2021/6/14,HFMD,72,36.4,
2021/6/15,HFMD,105,28.2,35.8
2021/6/16,HFMD,81,28.5,37.1
2021/6/17,HFMD,87,,
2021/6/18,HFMD,85,20,23.1
2021/6/19,HFMD,93,21.4,28.4
2021/6/20,HFMD,105,22.6,28.3
2021/6/21,HFMD,92,30.7,
2021/6/22,HFMD,79,33,
2021/6/23,HFMD,84,37.2,
2021/6/24,HFMD,97,31.4,
2021/6/25,HFMD,78,27.6,
2021/6/26,HFMD,85,30.9,
2021/6/27,HFMD,83,27.2,
2021/6/28,HFMD,99,24.9,30.3
2021/6/29,HFMD,100,24.7,30.5
2021/6/30,HFMD,84,33.5,
2021/7/1,HFMD,70,23.9,28.1
2021/7/2,HFMD,71,28.2,
2021/7/3,HFMD,91,32.4,
2021/7/4,HFMD,96,29.3,
2021/7/5,HFMD,89,29.6,
2021/7/6,HFMD,84,25.4,30.4
2021/7/7,HFMD,69,34.2,
2021/7/8,HFMD,88,25,
2021/7/9,HFMD,77,31.1,
2021/7/10,HFMD,86,25.7,34.9
2021/7/11,HFMD,93,26.3,32
2021/7/12,HFMD,86,23.9,32.8
2021/7/13,HFMD,102,26.1,37.4
2021/7/14,HFMD,86,28.6,38.6
2021/7/15,HFMD,89,36.8,
2021/7/16,HFMD,79,,
2021/7/17,HFMD,77,33.7,
2021/7/18,HFMD,73,33.3,
2021/7/19,HFMD,72,32.3,
2021/7/20,HFMD,71,35.5,
2021/7/21,HFMD,61,26,36.5
2021/7/22,HFMD,59,36.9,
2021/7/23,HFMD,46,27.9,37.3
2021/7/24,HFMD,54,33.5,
2021/7/25,HFMD,61,35.7,
2021/7/26,HFMD,60,38.1,
2021/7/27,HFMD,54,35.9,
2021/7/28,HFMD,43,35.8,
2021/7/29,HFMD,34,27.4,38.2
2021/7/30,HFMD,23,27.8,38.6
2021/7/31,HFMD,25,38.4,
2021/8/1,HFMD,34,27,39.6
2021/8/2,HFMD,29,29.4,41
2021/8/3,HFMD,18,40.9,
2021/8/4,HFMD,29,30.8,40.3
2021/8/5,HFMD,18,30.4,38.5
2021/8/6,HFMD,16,38.8,
2021/8/7,HFMD,22,,
2021/8/8,HFMD,12,26,29.4
2021/8/9,HFMD,9,31.5,
2021/8/10,HFMD,7,32,
2021/8/11,HFMD,11,25.6,32.9
2021/8/12,HFMD,12,26.5,30.6
2021/8/13,HFMD,7,26.9,
2021/8/14,HFMD,8,22.5,24.9
2021/8/15,HFMD,15,23.4,30.5
2021/8/16,HFMD,14,34.6,
2021/8/17,HFMD,4,35.2,
2021/8/18,HFMD,8,36,
2021/8/19,HFMD,11,26.8,37
2021/8/20,HFMD,14,28.7,36.9
2021/8/21,HFMD,15,29.9,37.3
2021/8/22,HFMD,10,23.5,33.8
2021/8/23,HFMD,13,22,27.9
2021/8/24,HFMD,10,32.2,
2021/8/25,HFMD,8,27.8,
2021/8/26,HFMD,6,,
2021/8/27,HFMD,9,23.9,
2021/8/28,HFMD,14,20.5,22.8
2021/8/29,HFMD,8,23.4,
2021/8/30,HFMD,10,21.9,32.1
2021/8/31,HFMD,7,24.3,31
2021/9/1,HFMD,10,25.5,32.7
2021/9/2,HFMD,6,26.4,35.9
2021/9/3,HFMD,9,26.9,36.4
2021/9/4,HFMD,9,33.1,
2021/9/5,HFMD,17,32.2,
2021/9/6,HFMD,10,,
2021/9/7,HFMD,13,21.9,30
2021/9/8,HFMD,23,22.6,30.7
2021/9/9,HFMD,10,25.8,
2021/9/10,HFMD,9,21.3,32
2021/9/11,HFMD,8,31.2,
2021/9/12,HFMD,15,22.6,28.6
2021/9/13,HFMD,14,33.6,
2021/9/14,HFMD,13,25.3,32.9
2021/9/15,HFMD,8,26.3,34
2021/9/16,HFMD,11,23,
2021/9/17,HFMD,18,22.4,27.1
2021/9/18,HFMD,16,26.2,
2021/9/19,HFMD,18,27.8,
2021/9/20,HFMD,15,20.5,31.1
2021/9/21,HFMD,19,21.1,33.8
2021/9/22,HFMD,17,36.2,
2021/9/23,HFMD,19,36.2,
2021/9/24,HFMD,17,36.4,
2021/9/25,HFMD,14,36.9,
2021/9/26,HFMD,33,37.3,
2021/9/27,HFMD,27,23.6,28.5
2021/9/28,HFMD,31,23,26.5
2021/9/29,HFMD,22,31.5,
2021/9/30,HFMD,27,22.3,33
2021/10/1,HFMD,20,23.2,33.8
2021/10/2,HFMD,22,36.3,
2021/10/3,HFMD,35,36.5,
2021/10/4,HFMD,21,36.7,
2021/10/5,HFMD,31,32.7,
2021/10/6,HFMD,24,24.2,
2021/10/7,HFMD,25,20,
2021/10/8,HFMD,25,26,
2021/10/9,HFMD,31,20.2,27.9
2021/10/10,HFMD,9,15.2,23.2
2021/10/11,HFMD,18,,17.7
2021/10/12,HFMD,17,21,
2021/10/13,HFMD,30,24.2,
2021/10/14,HFMD,34,21.5,
2021/10/15,HFMD,22,18.5,
2021/10/16,HFMD,13,16,
2021/10/17,HFMD,22,14.2,18.1
2021/10/18,HFMD,23,17.2,
2021/10/19,HFMD,23,16.6,
2021/10/20,HFMD,12,15.6,
2021/10/21,HFMD,17,18.7,
2021/10/22,HFMD,24,19.6,
2021/10/23,HFMD,20,13.3,21.2
2021/10/24,HFMD,20,13.3,23
2021/10/25,HFMD,30,18.7,
2021/10/26,HFMD,34,17.9,
2021/10/27,HFMD,19,15.6,17.8
2021/10/28,HFMD,25,15.6,18.3
2021/10/29,HFMD,23,20.3,
2021/10/30,HFMD,25,20.8,
2021/10/31,HFMD,25,19,
2021/11/1,HFMD,34,,
2021/11/2,HFMD,26,17.8,
2021/11/3,HFMD,21,17.2,
2021/11/4,HFMD,35,18.2,
2021/11/5,HFMD,31,20,
2021/11/6,HFMD,14,20.3,
2021/11/7,HFMD,20,8.2,14
2021/11/8,HFMD,21,13.5,
2021/11/9,HFMD,23,9.4,13.8
2021/11/10,HFMD,21,6.9,16.1
2021/11/11,HFMD,29,,11.5
2021/11/12,HFMD,21,14.1,
2021/11/13,HFMD,15,14,
2021/11/14,HFMD,11,13.1,
2021/11/15,HFMD,21,10.5,14.4
2021/11/16,HFMD,18,12.8,
,,,10.2,14.2
,,,15.3,
,,,10.6,13.4
,,,12.1,13.8
,,,9.7,12.9
,,,9.1,12.7
,,,15,
,,,8.8,16
,,,17.2,
,,,18,
,,,,
,,,12.2,15.5
,,,11,13.8
,,,8,16.7
,,,9.6,15.5
,,,8.7,17.5
,,,8.1,16.8
,,,11.2,15.8
,,,18.2,
,,,10.3,15.4
,,,15.7,
,,,11.7,13.2
,,,11,15.6
,,,13.5,
,,,10.3,12.2
,,,9.5,12.4
,,,16.2,
,,,11.7,14
,,,13,
,,,14.9,
,,,11.9,
,,,,
,,,13.4,
,,,9.5,12.6
,,,7,14.2
,,,6.2,15.8
,,,12,
,,,9.9,13.1
,,,8.9,11.8
,,,,
,,,6.1,
,,,7.1,
,,,10.6,
,,,6,9
,,,10.1,
,,,12.8,
,,,11.9,
,,,10.9,
,,,10.6,
,,,7.5,12
,,,9.8,12.1
,,,9.6,10.6
,,,11.3,
,,,13.3,
,,,10.2,15
,,,9.4,15.4
,,,12.5,
,,,11.7,
,,,12.1,
,,,,
,,,7.9,12.3
,,,6.6,16
,,,6.3,17.1
,,,17.3,
,,,11.9,
,,,10.7,
,,,11.7,
,,,12.4,
,,,11.4,
,,,11.6,
,,,11.9,
,,,10.5,
,,,6.2,8.5
,,,8.3,
,,,6.9,9.7
,,,12,
,,,5.6,9.1
,,,8.4,
,,,4.4,11.2
,,,11.7,
,,,7.8,10.4
,,,9,
,,,4.7,8.2
,,,6,7.3
,,,5.7,9.6
,,,8.7,
,,,11,
,,,7.8,13.2
,,,16.2,
,,,17.3,
,,,18.4,
,,,14.2,
,,,13.5,
,,,12.4,
,,,5.7,
,,,9.8,
,,,8.1,
,,,8.9,
,,,14,
,,,13.1,
,,,14.2,
,,,17.1,
,,,7.8,17.8
,,,19.5,
,,,17.6,
,,,16.2,
,,,19.3,
,,,11.4,19.8
,,,16.2,
,,,22.5,
,,,25.4,
,,,27.9,
,,,14.5,27
,,,28.6,
,,,30.5,
,,,28.9,
,,,19.2,30.3
,,,30.2,
,,,19.4,33.3
,,,28.2,